txn_uid,source_system,leg,expected_class,expected_counterpart_ref,expects_hungarian,greedy_differs,trap_group_id,trap_assert,dense_block_id
BNK-0000000,BANK,BANK,MATCHED,M011-123b1612,false,false,,,
BNK-0000001,BANK,BANK,MATCHED,M003-d1371c17,false,false,,,
BNK-0000002,BANK,BANK,MATCHED,M014-9536b321,false,false,,,
BNK-0000003,BANK,BANK,MATCHED,M016-eeb97572,false,false,,,
BNK-0000004,BANK,BANK,MATCHED,M017-e923d5a4,false,false,,,
BNK-0000005,BANK,BANK,MATCHED,M014-aabfe228,false,false,,,
BNK-0000006,BANK,BANK,MATCHED,M003-e9cb0eb5,false,false,,,
BNK-0000007,BANK,BANK,MATCHED,M016-47ccf25e,false,false,,,
BNK-0000008,BANK,BANK,MATCHED,M009-8dbc7425,false,false,,,
BNK-0000009,BANK,BANK,MATCHED,M008-58904dba,false,false,,,
BNK-0000010,BANK,BANK,MATCHED,M017-cccc3fc1,false,false,,,
BNK-0000011,BANK,BANK,MATCHED,M007-a13043b0,false,false,,,
BNK-0000012,BANK,BANK,MATCHED,M007-8bbf33fe,false,false,,,
BNK-0000013,BANK,BANK,MATCHED,M010-a8f506b4,false,false,,,
BNK-0000014,BANK,BANK,MATCHED,M001-8b5b7a76,false,false,,,
BNK-0000015,BANK,BANK,MATCHED,M013-fb008f86,false,false,,,
BNK-0000016,BANK,BANK,MATCHED,M012-b2737f6a,false,false,,,
BNK-0000017,BANK,BANK,MATCHED,M020-b23c6f5d,false,false,,,
BNK-0000018,BANK,BANK,MATCHED,M011-ec255404,false,false,,,
BNK-0000019,BANK,BANK,MATCHED,M015-fb440034,false,false,,,
BNK-0000020,BANK,BANK,MATCHED,M007-697a8d41,false,false,,,
BNK-0000021,BANK,BANK,MATCHED,M012-d440e504,false,false,,,
BNK-0000022,BANK,BANK,MATCHED,M016-af317681,false,false,,,
BNK-0000023,BANK,BANK,MATCHED,M017-2ea68ef7,false,false,,,
BNK-0000024,BANK,BANK,MATCHED,M009-4d3cea27,false,false,,,
BNK-0000025,BANK,BANK,MATCHED,M007-4b484e73,false,false,,,
BNK-0000026,BANK,BANK,TIMING_DIFFERENCE,M016-5dcad6ba,false,false,,,
BNK-0000027,BANK,BANK,MATCHED,M001-e0ca9237,false,false,,,
BNK-0000028,BANK,BANK,MATCHED,M004-1584d8c4,false,false,,,
BNK-0000029,BANK,BANK,MATCHED,M017-2815d280,false,false,,,
BNK-0000030,BANK,BANK,MATCHED,M009-283e0ad8,false,false,,,
BNK-0000031,BANK,BANK,MATCHED,M002-58156996,false,false,,,
BNK-0000032,BANK,BANK,MATCHED,M017-081006f7,false,false,,,
BNK-0000033,BANK,BANK,MATCHED,M004-c967a64c,false,false,,,
BNK-0000034,BANK,BANK,MATCHED,M002-8d512c97,false,false,,,
BNK-0000035,BANK,BANK,MATCHED,M002-8e08baa7,false,false,,,
BNK-0000036,BANK,BANK,MATCHED,M012-c2f86702,false,false,,,
BNK-0000037,BANK,BANK,MATCHED,M003-1c099724,false,false,,,
BNK-0000038,BANK,BANK,MATCHED,M020-f4941d40,false,false,,,
BNK-0000039,BANK,BANK,MATCHED,M019-14b3ce10,false,false,,,
BNK-0000040,BANK,BANK,MATCHED,M008-e222f828,false,false,,,
BNK-0000041,BANK,BANK,MATCHED,M007-efc2f916,false,false,,,
BNK-0000042,BANK,BANK,MATCHED,M005-940f1f83,false,false,,,
BNK-0000043,BANK,BANK,MATCHED,M016-9eee3692,false,false,,,
BNK-0000044,BANK,BANK,MATCHED,M001-e8c66224,false,false,,,
BNK-0000045,BANK,BANK,MATCHED,M009-83b7ffc0,false,false,,,
BNK-0000046,BANK,BANK,MATCHED,M016-4dbca3a0,false,false,,,
BNK-0000047,BANK,BANK,MATCHED,M011-098b2cc2,false,false,,,
BNK-0000048,BANK,BANK,MATCHED,M014-8319478d,false,false,,,
BNK-0000049,BANK,BANK,MATCHED,M007-0c621de4,false,false,,,
BNK-0000050,BANK,BANK,MATCHED,M010-45fda998,false,false,,,
BNK-0000051,BANK,BANK,MATCHED,M009-9fc35526,false,false,,,
BNK-0000052,BANK,BANK,MATCHED,M016-ed46725a,false,false,,,
BNK-0000053,BANK,BANK,MATCHED,M011-60dcd6c8,false,false,,,
BNK-0000054,BANK,BANK,MATCHED,M002-b46287cc,false,false,,,
BNK-0000055,BANK,BANK,MATCHED,M014-41dff02c,false,false,,,
BNK-0000056,BANK,BANK,MATCHED,M017-37443e21,false,false,,,
BNK-0000057,BANK,BANK,MATCHED,M019-48d33296,false,false,,,
BNK-0000058,BANK,BANK,MATCHED,M008-9e8a7f77,false,false,,,
BNK-0000059,BANK,BANK,MATCHED,M002-d287db7f,false,false,,,
BNK-0000060,BANK,BANK,MATCHED,M012-926f6967,false,false,,,
BNK-0000061,BANK,BANK,MATCHED,M009-f57fd14c,false,false,,,
BNK-0000062,BANK,BANK,MATCHED,M001-15cea325,false,false,,,
BNK-0000063,BANK,BANK,MATCHED,M006-cbae5302,false,false,,,
BNK-0000064,BANK,BANK,MATCHED,M012-6cb9d21f,false,false,,,
BNK-0000065,BANK,BANK,MATCHED,M018-bf0d7c1c,false,false,,,
BNK-0000066,BANK,BANK,MATCHED,M009-ab8a18a8,false,false,,,
BNK-0000067,BANK,BANK,MATCHED,M020-3fec8df4,false,false,,,
BNK-0000068,BANK,BANK,MATCHED,M006-47aaeb26,false,false,,,
BNK-0000069,BANK,BANK,MATCHED,M006-1fa5d328,false,false,,,
BNK-0000070,BANK,BANK,MATCHED,M007-e574de73,false,false,,,
BNK-0000071,BANK,BANK,MATCHED,M010-8b886e75,false,false,,,
BNK-0000072,BANK,BANK,MATCHED,M005-6a2c8773,false,false,,,
BNK-0000073,BANK,BANK,MATCHED,M002-7eb19731,false,false,,,
BNK-0000074,BANK,BANK,MATCHED,M019-b5e803b6,false,false,,,
BNK-0000075,BANK,BANK,MATCHED,M002-60adb592,false,false,,,
BNK-0000076,BANK,BANK,MATCHED,M016-3c425c8d,false,false,,,
BNK-0000077,BANK,BANK,MATCHED,M010-bdd0b6cc,false,false,,,
BNK-0000078,BANK,BANK,MATCHED,M001-d32cbe54,false,false,,,
BNK-0000079,BANK,BANK,TIMING_DIFFERENCE,M013-b54b9552,false,false,,,
BNK-0000080,BANK,BANK,MATCHED,M007-fa1c257c,false,false,,,
BNK-0000081,BANK,BANK,MATCHED,M007-61c5cb34,false,false,,,
BNK-0000082,BANK,BANK,MATCHED,M007-1a3ce9d9,false,false,,,
BNK-0000083,BANK,BANK,MATCHED,M014-ee500fe7,false,false,,,
BNK-0000084,BANK,BANK,TIMING_DIFFERENCE,M020-fc324bdb,false,false,,,
BNK-0000085,BANK,BANK,MATCHED,M017-42a21c40,false,false,,,
BNK-0000086,BANK,BANK,MATCHED,M020-f9572b85,false,false,,,
BNK-0000087,BANK,BANK,MATCHED,M020-48f687ab,false,false,,,
BNK-0000088,BANK,BANK,MATCHED,M006-c5831be3,false,false,,,
BNK-0000089,BANK,BANK,MATCHED,M018-8cb4ba2e,false,false,,,
BNK-0000090,BANK,BANK,MATCHED,M020-89a01749,false,false,,,
BNK-0000091,BANK,BANK,MATCHED,M014-14f71010,false,false,,,
BNK-0000092,BANK,BANK,MATCHED,M010-7d946bf5,false,false,,,
BNK-0000093,BANK,BANK,MATCHED,M008-248c801b,false,false,,,
BNK-0000094,BANK,BANK,MATCHED,M019-f750110c,false,false,,,
BNK-0000096,BANK,BANK,MATCHED,M002-0cde2e57,false,false,,,
BNK-0000097,BANK,BANK,MATCHED,M009-3a818d89,false,false,,,
BNK-0000098,BANK,BANK,MATCHED,M007-058765a6,false,false,,,
BNK-0000099,BANK,BANK,MATCHED,M011-ff00d796,false,false,,,
BNK-0000100,BANK,BANK,MATCHED,M019-410335b4,false,false,,,
BNK-0000101,BANK,BANK,TIMING_DIFFERENCE,M001-1212b62c,false,false,,,
BNK-0000102,BANK,BANK,MATCHED,M007-29f34369,false,false,,,
BNK-0000103,BANK,BANK,MATCHED,M014-891baf90,false,false,,,
BNK-0000104,BANK,BANK,MATCHED,M001-bf16295d,false,false,,,
BNK-0000105,BANK,BANK,MATCHED,M002-3f5fb859,false,false,,,
BNK-0000106,BANK,BANK,MATCHED,M008-2f3ab3cc,false,false,,,
BNK-0000107,BANK,BANK,MATCHED,M003-0b698d5c,false,false,,,
BNK-0000108,BANK,BANK,MATCHED,M008-1ba4ea5e,false,false,,,
BNK-0000109,BANK,BANK,MATCHED,M009-e7689447,false,false,,,
BNK-0000110,BANK,BANK,MATCHED,M020-a683536c,false,false,,,
BNK-0000111,BANK,BANK,MATCHED,M005-d863386c,false,false,,,
BNK-0000112,BANK,BANK,MATCHED,M001-79e048c0,false,false,,,
BNK-0000113,BANK,BANK,MATCHED,M014-753eda83,false,false,,,
BNK-0000114,BANK,BANK,MATCHED,M008-58dfe0d5,false,false,,,
BNK-0000115,BANK,BANK,MATCHED,M011-318656b3,false,false,,,
BNK-0000116,BANK,BANK,MATCHED,M015-0bade65c,false,false,,,
BNK-0000117,BANK,BANK,MATCHED,M004-88cc102d,false,false,,,
BNK-0000118,BANK,BANK,MATCHED,M012-9c7ce654,false,false,,,
BNK-0000119,BANK,BANK,MATCHED,M003-74bde94f,false,false,,,
BNK-0000120,BANK,BANK,MATCHED,M008-8d5f08b7,false,false,,,
BNK-0000121,BANK,BANK,MATCHED,M011-2b49c12a,false,false,,,
BNK-0000122,BANK,BANK,MATCHED,M005-00629834,false,false,,,
BNK-0000123,BANK,BANK,MATCHED,M006-6c5296f6,false,false,,,
BNK-0000124,BANK,BANK,MATCHED,M015-8d74ff1f,false,false,,,
BNK-0000125,BANK,BANK,MATCHED,M005-505aef9e,false,false,,,
BNK-0000126,BANK,BANK,MATCHED,M014-b001a3ff,false,false,,,
BNK-0000127,BANK,BANK,MATCHED,M005-4a3baf69,false,false,,,
BNK-0000128,BANK,BANK,MATCHED,M014-99bfca8b,false,false,,,
BNK-0000129,BANK,BANK,MATCHED,M016-a9421cc1,false,false,,,
BNK-0000130,BANK,BANK,MATCHED,M004-f1c4261e,false,false,,,
BNK-0000131,BANK,BANK,MATCHED,M006-1d30b498,false,false,,,
BNK-0000132,BANK,BANK,MATCHED,M006-0d1f13dc,false,false,,,
BNK-0000133,BANK,BANK,MATCHED,M001-4fd32f64,false,false,,,
BNK-0000134,BANK,BANK,MATCHED,M014-2634f087,false,false,,,
BNK-0000136,BANK,BANK,MATCHED,M020-95f1abef,false,false,,,
BNK-0000137,BANK,BANK,MATCHED,M005-5dfce8a9,false,false,,,
BNK-0000138,BANK,BANK,MATCHED,M020-049d7ccc,false,false,,,
BNK-0000139,BANK,BANK,MATCHED,M008-a88d5194,false,false,,,
BNK-0000140,BANK,BANK,MATCHED,M019-fb2fc679,false,false,,,
BNK-0000141,BANK,BANK,MATCHED,M013-80ce2b27,false,false,,,
BNK-0000142,BANK,BANK,MATCHED,M017-af666625,false,false,,,
BNK-0000143,BANK,BANK,MATCHED,M010-bc471fb3,false,false,,,
BNK-0000144,BANK,BANK,MATCHED,M015-0b80316f,false,false,,,
BNK-0000145,BANK,BANK,MATCHED,M007-d3e481a6,false,false,,,
BNK-0000146,BANK,BANK,MATCHED,M013-1bef2c32,false,false,,,
BNK-0000147,BANK,BANK,MATCHED,M019-c5e5b775,false,false,,,
BNK-0000148,BANK,BANK,MATCHED,M002-8f134a06,false,false,,,
BNK-0000149,BANK,BANK,MATCHED,M010-3fab8c3b,false,false,,,
BNK-0000150,BANK,BANK,MATCHED,M006-0e61572b,false,false,,,
BNK-0000151,BANK,BANK,MATCHED,M005-02eaa7f3,false,false,,,
BNK-0000152,BANK,BANK,MATCHED,M005-5e4e48dd,false,false,,,
BNK-0000153,BANK,BANK,MATCHED,M001-a58f3aef,false,false,,,
BNK-0000154,BANK,BANK,MATCHED,M017-f9386bd8,false,false,,,
BNK-0000155,BANK,BANK,MATCHED,M008-d51940ea,false,false,,,
BNK-0000156,BANK,BANK,MATCHED,M015-95bd1d68,false,false,,,
BNK-0000157,BANK,BANK,MATCHED,M005-5622f856,false,false,,,
BNK-0000158,BANK,BANK,MATCHED,M007-2d1ba9f2,false,false,,,
BNK-0000159,BANK,BANK,MATCHED,M009-b15b0be2,false,false,,,
BNK-0000160,BANK,BANK,MATCHED,M008-193fe040,false,false,,,
BNK-0000161,BANK,BANK,MATCHED,M003-53980036,false,false,,,
BNK-0000162,BANK,BANK,MATCHED,M020-e3b35183,false,false,,,
BNK-0000163,BANK,BANK,MATCHED,M019-3c4774ec,false,false,,,
BNK-0000164,BANK,BANK,MATCHED,M001-1c1bac7a,false,false,,,
BNK-0000165,BANK,BANK,TIMING_DIFFERENCE,M019-1a4b7d0b,false,false,,,
BNK-0000166,BANK,BANK,MATCHED,M003-074dce11,false,false,,,
BNK-0000167,BANK,BANK,MATCHED,M018-830d7193,false,false,,,
BNK-0000168,BANK,BANK,MATCHED,M006-82e4e349,false,false,,,
BNK-0000169,BANK,BANK,MATCHED,M019-29e7c6be,false,false,,,
BNK-0000170,BANK,BANK,MATCHED,M010-07a76cc0,false,false,,,
BNK-0000171,BANK,BANK,MATCHED,M006-af896910,false,false,,,
BNK-0000172,BANK,BANK,MATCHED,M003-1ceb374d,false,false,,,
BNK-0000173,BANK,BANK,MATCHED,M012-83f84d30,false,false,,,
BNK-0000174,BANK,BANK,MATCHED,M018-4d83cee9,false,false,,,
BNK-0000175,BANK,BANK,MATCHED,M010-ca0fce95,false,false,,,
BNK-0000176,BANK,BANK,MATCHED,M005-72aa7a6d,false,false,,,
BNK-0000177,BANK,BANK,MATCHED,M001-f99ddceb,false,false,,,
BNK-0000178,BANK,BANK,MATCHED,M001-3dbc46df,false,false,,,
BNK-0000179,BANK,BANK,MATCHED,M020-25bab295,false,false,,,
BNK-0000180,BANK,BANK,MATCHED,M010-d5966d51,false,false,,,
BNK-0000181,BANK,BANK,MATCHED,M020-1d00909c,false,false,,,
BNK-0000182,BANK,BANK,MATCHED,M019-65f846d3,false,false,,,
BNK-0000183,BANK,BANK,MATCHED,M017-25fed10a,false,false,,,
BNK-0000184,BANK,BANK,MATCHED,M008-1832b6ec,false,false,,,
BNK-0000185,BANK,BANK,MATCHED,M019-777155a0,false,false,,,
BNK-0000186,BANK,BANK,MATCHED,M015-8f27c7d9,false,false,,,
BNK-0000187,BANK,BANK,MATCHED,M016-255bc509,false,false,,,
BNK-0000188,BANK,BANK,MATCHED,M012-cac23db7,false,false,,,
BNK-0000189,BANK,BANK,TIMING_DIFFERENCE,M015-d180a474,false,false,,,
BNK-0000190,BANK,BANK,MATCHED,M018-e75bb6cc,false,false,,,
BNK-0000191,BANK,BANK,MATCHED,M019-67e48eb7,false,false,,,
BNK-0000192,BANK,BANK,MATCHED,M017-28c0490c,false,false,,,
BNK-0000193,BANK,BANK,MATCHED,M006-32b96292,false,false,,,
BNK-0000194,BANK,BANK,MATCHED,M005-ce4850bb,false,false,,,
BNK-0000195,BANK,BANK,MATCHED,M001-b3593871,false,false,,,
BNK-0000196,BANK,BANK,MATCHED,M020-94c1957f,false,false,,,
BNK-0000197,BANK,BANK,MATCHED,M009-b0391173,false,false,,,
BNK-0000198,BANK,BANK,MATCHED,M012-782bdeae,false,false,,,
BNK-0000199,BANK,BANK,MATCHED,M007-4f618557,false,false,,,
BNK-0000200,BANK,BANK,MATCHED,M008-bd26944f,false,false,,,
BNK-0000201,BANK,BANK,MATCHED,M008-e4b9447a,false,false,,,
BNK-0000202,BANK,BANK,MATCHED,M004-4ec6390b,false,false,,,
BNK-0000203,BANK,BANK,MATCHED,M002-9639e35a,false,false,,,
BNK-0000204,BANK,BANK,TIMING_DIFFERENCE,M019-210ef2a8,false,false,,,
BNK-0000205,BANK,BANK,MATCHED,M014-a0b29872,false,false,,,
BNK-0000206,BANK,BANK,MATCHED,M001-49b5539a,false,false,,,
BNK-0000207,BANK,BANK,MATCHED,M012-4b87113c,false,false,,,
BNK-0000208,BANK,BANK,MATCHED,M007-5924754e,false,false,,,
BNK-0000209,BANK,BANK,MATCHED,M013-f66b01d4,false,false,,,
BNK-0000210,BANK,BANK,MATCHED,M002-2e055c90,false,false,,,
BNK-0000211,BANK,BANK,MATCHED,M019-f2aed4c2,false,false,,,
BNK-0000212,BANK,BANK,MATCHED,M002-9dbf49a0,false,false,,,
BNK-0000213,BANK,BANK,MATCHED,M008-4bdb7ec8,false,false,,,
BNK-0000214,BANK,BANK,MATCHED,M006-78368f7e,false,false,,,
BNK-0000215,BANK,BANK,MATCHED,M019-2d2e433e,false,false,,,
BNK-0000216,BANK,BANK,MATCHED,M013-f24b1c71,false,false,,,
BNK-0000217,BANK,BANK,MATCHED,M001-34d263b5,false,false,,,
BNK-0000218,BANK,BANK,MATCHED,M011-37bbf1b3,false,false,,,
BNK-0000219,BANK,BANK,MATCHED,M011-8b6e0e30,false,false,,,
BNK-0000220,BANK,BANK,MATCHED,M003-9c488e00,false,false,,,
BNK-0000221,BANK,BANK,MATCHED,M005-1125cf5e,false,false,,,
BNK-0000222,BANK,BANK,MATCHED,M020-694165be,false,false,,,
BNK-0000223,BANK,BANK,MATCHED,M015-a0afa707,false,false,,,
BNK-0000224,BANK,BANK,MATCHED,M020-48c828b4,false,false,,,
BNK-0000225,BANK,BANK,MATCHED,M002-d3b97429,false,false,,,
BNK-0000226,BANK,BANK,MATCHED,M011-7bca1aaf,false,false,,,
BNK-0000227,BANK,BANK,MATCHED,M008-460ecec9,false,false,,,
BNK-0000228,BANK,BANK,MATCHED,M019-98a26259,false,false,,,
BNK-0000229,BANK,BANK,MATCHED,M015-2fa58805,false,false,,,
BNK-0000230,BANK,BANK,MATCHED,M008-ce693671,false,false,,,
BNK-0000231,BANK,BANK,MATCHED,M020-a40680a0,false,false,,,
BNK-0000232,BANK,BANK,MATCHED,M011-ca51d12a,false,false,,,
BNK-0000233,BANK,BANK,TIMING_DIFFERENCE,M020-00aa1da5,false,false,,,
BNK-0000234,BANK,BANK,MATCHED,M007-bbdb4a78,false,false,,,
BNK-0000235,BANK,BANK,MATCHED,M016-9e8b8480,false,false,,,
BNK-0000236,BANK,BANK,MATCHED,M004-7c204316,false,false,,,
BNK-0000237,BANK,BANK,MATCHED,M006-b4550b7e,false,false,,,
BNK-0000238,BANK,BANK,MATCHED,M016-ce6a0302,false,false,,,
BNK-0000239,BANK,BANK,MATCHED,M013-cdc70808,false,false,,,
BNK-0000240,BANK,BANK,MATCHED,M008-ad89f65f,false,false,,,
BNK-0000241,BANK,BANK,MATCHED,M009-92a0f75a,false,false,,,
BNK-0000242,BANK,BANK,MATCHED,M020-16b1e5d4,false,false,,,
BNK-0000243,BANK,BANK,MATCHED,M010-40494b35,false,false,,,
BNK-0000244,BANK,BANK,MATCHED,M013-ca176014,false,false,,,
BNK-0000245,BANK,BANK,MATCHED,M008-01a233f4,false,false,,,
BNK-0000246,BANK,BANK,MATCHED,M001-43bf2b67,false,false,,,
BNK-0000247,BANK,BANK,MATCHED,M009-82161db8,false,false,,,
BNK-0000248,BANK,BANK,MATCHED,M018-d8cdadc4,false,false,,,
BNK-0000249,BANK,BANK,MATCHED,M013-078c7632,false,false,,,
BNK-0000250,BANK,BANK,MATCHED,M002-aeae0ffa,false,false,,,
BNK-0000251,BANK,BANK,MATCHED,M013-cb2c8a27,false,false,,,
BNK-0000252,BANK,BANK,MATCHED,M009-bf742b65,false,false,,,
BNK-0000253,BANK,BANK,MATCHED,M008-51acbd3d,false,false,,,
BNK-0000254,BANK,BANK,MATCHED,M009-b9e28c9e,false,false,,,
BNK-0000255,BANK,BANK,MATCHED,M015-404bf7ba,false,false,,,
BNK-0000256,BANK,BANK,MATCHED,M009-081598a8,false,false,,,
BNK-0000257,BANK,BANK,MATCHED,M015-f264d9b1,false,false,,,
BNK-0000258,BANK,BANK,MATCHED,M013-dd8b7c46,false,false,,,
BNK-0000259,BANK,BANK,MATCHED,M019-a22eccdf,false,false,,,
BNK-0000260,BANK,BANK,MATCHED,M001-eeddf52e,false,false,,,
BNK-0000261,BANK,BANK,TIMING_DIFFERENCE,M005-6c19ace3,false,false,,,
BNK-0000262,BANK,BANK,MATCHED,M019-26e16af1,false,false,,,
BNK-0000263,BANK,BANK,TIMING_DIFFERENCE,M014-4aa60588,false,false,,,
BNK-0000264,BANK,BANK,MATCHED,M009-d1997cd8,false,false,,,
BNK-0000265,BANK,BANK,MATCHED,M005-bef4ba6e,false,false,,,
BNK-0000266,BANK,BANK,MATCHED,M018-02da187e,false,false,,,
BNK-0000267,BANK,BANK,MATCHED,M007-6615d314,false,false,,,
BNK-0000268,BANK,BANK,MATCHED,M003-5f796546,false,false,,,
BNK-0000269,BANK,BANK,MATCHED,M015-1d78ed41,false,false,,,
BNK-0000270,BANK,BANK,MATCHED,M005-97a498a6,false,false,,,
BNK-0000271,BANK,BANK,MATCHED,M008-c49726e4,false,false,,,
BNK-0000272,BANK,BANK,MATCHED,M014-31b3629f,false,false,,,
BNK-0000273,BANK,BANK,MATCHED,M016-89264f87,false,false,,,
BNK-0000274,BANK,BANK,MATCHED,M010-30b64915,false,false,,,
BNK-0000275,BANK,BANK,MATCHED,M015-b5392e33,false,false,,,
BNK-0000276,BANK,BANK,MATCHED,M020-113d4db2,false,false,,,
BNK-0000277,BANK,BANK,MATCHED,M006-a0f94833,false,false,,,
BNK-0000278,BANK,BANK,MATCHED,M004-3ae7518b,false,false,,,
BNK-0000279,BANK,BANK,MATCHED,M010-4773031f,false,false,,,
BNK-0000280,BANK,BANK,MATCHED,M019-25480dc3,false,false,,,
BNK-0000281,BANK,BANK,MATCHED,M004-677172a3,false,false,,,
BNK-0000282,BANK,BANK,MATCHED,M011-50add127,false,false,,,
BNK-0000283,BANK,BANK,MATCHED,M017-4667a20f,false,false,,,
BNK-0000284,BANK,BANK,MATCHED,M003-1bd2b5ff,false,false,,,
BNK-0000285,BANK,BANK,MATCHED,M010-5dc93287,false,false,,,
BNK-0000286,BANK,BANK,MATCHED,M019-f1ccacc2,false,false,,,
BNK-0000287,BANK,BANK,MATCHED,M011-09f03fdd,false,false,,,
BNK-0000288,BANK,BANK,TIMING_DIFFERENCE,M015-62bce19a,false,false,,,
BNK-0000289,BANK,BANK,MATCHED,M006-7361c5c8,false,false,,,
BNK-0000290,BANK,BANK,MATCHED,M005-bc9fa65c,false,false,,,
BNK-0000291,BANK,BANK,MATCHED,M001-e8b3c48d,false,false,,,
BNK-0000292,BANK,BANK,MATCHED,M020-9b9c1ffb,false,false,,,
BNK-0000293,BANK,BANK,MATCHED,M001-ce94e1af,false,false,,,
BNK-0000294,BANK,BANK,MATCHED,M009-1c58790d,false,false,,,
BNK-0000295,BANK,BANK,MATCHED,M014-cfb8a5f1,false,false,,,
BNK-0000296,BANK,BANK,MATCHED,M012-1595919c,false,false,,,
BNK-0000297,BANK,BANK,MATCHED,M012-f6aec38b,false,false,,,
BNK-0000298,BANK,BANK,MATCHED,M013-6ed5a148,false,false,,,
BNK-0000299,BANK,BANK,MATCHED,M016-8cbc938e,false,false,,,
BNK-0000300,BANK,BANK,MATCHED,M002-b8723d39,false,false,,,
BNK-0000301,BANK,BANK,MATCHED,M006-caccfab5,false,false,,,
BNK-0000302,BANK,BANK,MATCHED,M005-46a2d207,false,false,,,
BNK-0000303,BANK,BANK,MATCHED,M013-4477391c,false,false,,,
BNK-0000304,BANK,BANK,MATCHED,M005-286793b2,false,false,,,
BNK-0000305,BANK,BANK,MATCHED,M017-60e4e81e,false,false,,,
BNK-0000306,BANK,BANK,MATCHED,M020-e3f79aa7,false,false,,,
BNK-0000307,BANK,BANK,MATCHED,M007-07508db2,false,false,,,
BNK-0000308,BANK,BANK,MATCHED,M009-ccd71ba8,false,false,,,
BNK-0000309,BANK,BANK,MATCHED,M016-e6a63c59,false,false,,,
BNK-0000310,BANK,BANK,MATCHED,M003-6869002b,false,false,,,
BNK-0000311,BANK,BANK,MATCHED,M001-5ab9315b,false,false,,,
BNK-0000312,BANK,BANK,MATCHED,M001-a34bff2a,false,false,,,
BNK-0000313,BANK,BANK,MATCHED,M016-8c6b8068,false,false,,,
BNK-0000314,BANK,BANK,MATCHED,M017-5d44036c,false,false,,,
BNK-0000315,BANK,BANK,MATCHED,M002-2aaef607,false,false,,,
BNK-0000316,BANK,BANK,MATCHED,M012-346eee21,false,false,,,
BNK-0000317,BANK,BANK,MATCHED,M006-ff43fc27,false,false,,,
BNK-0000318,BANK,BANK,MATCHED,M008-7173601e,false,false,,,
BNK-0000319,BANK,BANK,MATCHED,M002-4e0f3354,false,false,,,
BNK-0000320,BANK,BANK,MATCHED,M006-c0202219,false,false,,,
BNK-0000321,BANK,BANK,MATCHED,M001-e636d32b,false,false,,,
BNK-0000322,BANK,BANK,MATCHED,M003-2b89994f,false,false,,,
BNK-0000323,BANK,BANK,MATCHED,M011-2136ced6,false,false,,,
BNK-0000324,BANK,BANK,MATCHED,M003-04d159e8,false,false,,,
BNK-0000325,BANK,BANK,MATCHED,M009-0ac35e5f,false,false,,,
BNK-0000326,BANK,BANK,MATCHED,M011-0d0a7ba0,false,false,,,
BNK-0000327,BANK,BANK,MATCHED,M008-531adab2,false,false,,,
BNK-0000328,BANK,BANK,MATCHED,M015-17d26690,false,false,,,
BNK-0000329,BANK,BANK,TIMING_DIFFERENCE,M014-e59c7a80,false,false,,,
BNK-0000330,BANK,BANK,MATCHED,M009-2c922202,false,false,,,
BNK-0000331,BANK,BANK,MATCHED,M005-8e5389cd,false,false,,,
BNK-0000332,BANK,BANK,MATCHED,M006-eaa60c73,false,false,,,
BNK-0000333,BANK,BANK,MATCHED,M012-06225985,false,false,,,
BNK-0000334,BANK,BANK,MATCHED,M002-27129084,false,false,,,
BNK-0000335,BANK,BANK,MATCHED,M012-4b8bb537,false,false,,,
BNK-0000336,BANK,BANK,MATCHED,M006-0767cb7f,false,false,,,
BNK-0000337,BANK,BANK,TIMING_DIFFERENCE,M001-b790fef3,false,false,,,
BNK-0000339,BANK,BANK,MATCHED,M012-a127f6c3,false,false,,,
BNK-0000340,BANK,BANK,MATCHED,M014-5a632f8e,false,false,,,
BNK-0000341,BANK,BANK,MATCHED,M015-a368b23f,false,false,,,
BNK-0000342,BANK,BANK,MATCHED,M006-0f17f4b4,false,false,,,
BNK-0000343,BANK,BANK,MATCHED,M011-570e2e61,false,false,,,
BNK-0000344,BANK,BANK,MATCHED,M005-62c050bf,false,false,,,
BNK-0000345,BANK,BANK,MATCHED,M016-666f69e8,false,false,,,
BNK-0000346,BANK,BANK,MATCHED,M011-ad0b5704,false,false,,,
BNK-0000347,BANK,BANK,MATCHED,M009-c48738d4,false,false,,,
BNK-0000348,BANK,BANK,MATCHED,M017-157d52ed,false,false,,,
BNK-0000349,BANK,BANK,MATCHED,M019-8d31d309,false,false,,,
BNK-0000350,BANK,BANK,MATCHED,M006-c93e7fb6,false,false,,,
BNK-0000351,BANK,BANK,MATCHED,M019-587db821,false,false,,,
BNK-0000352,BANK,BANK,MATCHED,M016-0efa5ea7,false,false,,,
BNK-0000353,BANK,BANK,MATCHED,M003-c47bbcfb,false,false,,,
BNK-0000354,BANK,BANK,MATCHED,M008-314cd2fe,false,false,,,
BNK-0000355,BANK,BANK,MATCHED,M019-a5f05cb3,false,false,,,
BNK-0000356,BANK,BANK,MATCHED,M010-6b9852e1,false,false,,,
BNK-0000357,BANK,BANK,MATCHED,M001-80205270,false,false,,,
BNK-0000358,BANK,BANK,MATCHED,M006-0032264f,false,false,,,
BNK-0000359,BANK,BANK,MATCHED,M017-df8a1285,false,false,,,
BNK-0000360,BANK,BANK,MATCHED,M003-4aaf4614,false,false,,,
BNK-0000361,BANK,BANK,MATCHED,M014-792f3246,false,false,,,
BNK-0000362,BANK,BANK,MATCHED,M015-2fd40663,false,false,,,
BNK-0000363,BANK,BANK,MATCHED,M015-da107079,false,false,,,
BNK-0000364,BANK,BANK,MATCHED,M015-6984517e,false,false,,,
BNK-0000365,BANK,BANK,MATCHED,M010-91a291a7,false,false,,,
BNK-0000366,BANK,BANK,MATCHED,M008-a3bf9232,false,false,,,
BNK-0000367,BANK,BANK,MATCHED,M014-7eafdbea,false,false,,,
BNK-0000368,BANK,BANK,MATCHED,M004-84142e19,false,false,,,
BNK-0000369,BANK,BANK,MATCHED,M011-4c311943,false,false,,,
BNK-0000370,BANK,BANK,MATCHED,M011-d575cdab,false,false,,,
BNK-0000371,BANK,BANK,MATCHED,M008-28cf759e,false,false,,,
BNK-0000372,BANK,BANK,MATCHED,M007-f3a708f4,false,false,,,
BNK-0000373,BANK,BANK,MATCHED,M020-a6d107b0,false,false,,,
BNK-0000374,BANK,BANK,MATCHED,M009-a7a8b9bb,false,false,,,
BNK-0000375,BANK,BANK,MATCHED,M010-0d715498,false,false,,,
BNK-0000376,BANK,BANK,MATCHED,M011-47a1b5a4,false,false,,,
BNK-0000378,BANK,BANK,MATCHED,M004-07b22f16,false,false,,,
BNK-0000379,BANK,BANK,MATCHED,M013-c9fab9b3,false,false,,,
BNK-0000380,BANK,BANK,MATCHED,M017-d0766bb3,false,false,,,
BNK-0000381,BANK,BANK,TIMING_DIFFERENCE,M019-d04d259b,false,false,,,
BNK-0000382,BANK,BANK,MATCHED,M008-5c2d6a9a,false,false,,,
BNK-0000383,BANK,BANK,MATCHED,M006-04c5503b,false,false,,,
BNK-0000384,BANK,BANK,MATCHED,M002-6e4644e0,false,false,,,
BNK-0000385,BANK,BANK,MATCHED,M020-7d6e120a,false,false,,,
BNK-0000386,BANK,BANK,MATCHED,M006-757563e6,false,false,,,
BNK-0000387,BANK,BANK,MATCHED,M014-e22d4ae5,false,false,,,
BNK-0000388,BANK,BANK,MATCHED,M018-675dbd99,false,false,,,
BNK-0000389,BANK,BANK,MATCHED,M007-6a395dfe,false,false,,,
BNK-0000390,BANK,BANK,MATCHED,M019-f6f4572b,false,false,,,
BNK-0000391,BANK,BANK,MATCHED,M003-dabc4e01,false,false,,,
BNK-0000392,BANK,BANK,MATCHED,M016-cd9504bc,false,false,,,
BNK-0000393,BANK,BANK,MATCHED,M019-c59340af,false,false,,,
BNK-0000394,BANK,BANK,MATCHED,M009-baf3a8c8,false,false,,,
BNK-0000395,BANK,BANK,MATCHED,M012-9f5c0266,false,false,,,
BNK-0000396,BANK,BANK,MATCHED,M005-71d83342,false,false,,,
BNK-0000397,BANK,BANK,MATCHED,M005-1fcd2549,false,false,,,
BNK-0000398,BANK,BANK,MATCHED,M004-53e5356b,false,false,,,
BNK-0000399,BANK,BANK,MATCHED,M007-acd8e7f0,false,false,,,
BNK-0000400,BANK,BANK,MATCHED,M006-b1e1e0ee,false,false,,,
BNK-0000401,BANK,BANK,MATCHED,M020-414f5c50,false,false,,,
BNK-0000402,BANK,BANK,MATCHED,M017-d6cdaf5a,false,false,,,
BNK-0000403,BANK,BANK,MATCHED,M007-0aa8a5f8,false,false,,,
BNK-0000404,BANK,BANK,MATCHED,M003-4d2d9d02,false,false,,,
BNK-0000405,BANK,BANK,MATCHED,M005-3de82eb3,false,false,,,
BNK-0000406,BANK,BANK,MATCHED,M003-6d8eacf3,false,false,,,
BNK-0000407,BANK,BANK,TIMING_DIFFERENCE,M002-c781ef02,false,false,,,
BNK-0000408,BANK,BANK,MATCHED,M007-29a54358,false,false,,,
BNK-0000409,BANK,BANK,MATCHED,M006-8817592c,false,false,,,
BNK-0000410,BANK,BANK,MATCHED,M015-fa1c7ef6,false,false,,,
BNK-0000411,BANK,BANK,TIMING_DIFFERENCE,M006-c54fff8b,false,false,,,
BNK-0000412,BANK,BANK,MATCHED,M019-3bc34f9a,false,false,,,
BNK-0000413,BANK,BANK,MATCHED,M018-a6e39ebb,false,false,,,
BNK-0000414,BANK,BANK,MATCHED,M007-69972d06,false,false,,,
BNK-0000415,BANK,BANK,TIMING_DIFFERENCE,M007-3936081d,false,false,,,
BNK-0000416,BANK,BANK,MATCHED,M011-b5065736,false,false,,,
BNK-0000417,BANK,BANK,MATCHED,M009-c02d384d,false,false,,,
BNK-0000418,BANK,BANK,MATCHED,M001-c5bb4bb8,false,false,,,
BNK-0000419,BANK,BANK,MATCHED,M006-33593fde,false,false,,,
BNK-0000420,BANK,BANK,MATCHED,M001-4707b72f,false,false,,,
BNK-0000421,BANK,BANK,MATCHED,M014-71e71562,false,false,,,
BNK-0000422,BANK,BANK,MATCHED,M011-2d92e745,false,false,,,
BNK-0000423,BANK,BANK,MATCHED,M011-d51f3519,false,false,,,
BNK-0000424,BANK,BANK,TIMING_DIFFERENCE,M011-6c576d8e,false,false,,,
BNK-0000425,BANK,BANK,MATCHED,M001-36d29ba7,false,false,,,
BNK-0000426,BANK,BANK,MATCHED,M011-dd242216,false,false,,,
BNK-0000427,BANK,BANK,MATCHED,M004-863fe92f,false,false,,,
BNK-0000428,BANK,BANK,MATCHED,M003-05123a71,false,false,,,
BNK-0000429,BANK,BANK,TIMING_DIFFERENCE,M009-d85ee504,false,false,,,
BNK-0000430,BANK,BANK,MATCHED,M008-33c27041,false,false,,,
BNK-0000431,BANK,BANK,MATCHED,M003-e696fa4b,false,false,,,
BNK-0000432,BANK,BANK,MATCHED,M018-40dd5198,false,false,,,
BNK-0000433,BANK,BANK,MATCHED,M015-7c99c18f,false,false,,,
BNK-0000434,BANK,BANK,MATCHED,M007-9eb2b67d,false,false,,,
BNK-0000435,BANK,BANK,MATCHED,M009-81abd1d9,false,false,,,
BNK-0000436,BANK,BANK,MATCHED,M008-35f3b68f,false,false,,,
BNK-0000437,BANK,BANK,MATCHED,M014-4a455b81,false,false,,,
BNK-0000438,BANK,BANK,MATCHED,M008-1dd64b33,false,false,,,
BNK-0000439,BANK,BANK,MATCHED,M015-0cc5c0b3,false,false,,,
BNK-0000440,BANK,BANK,MATCHED,M011-66079367,false,false,,,
BNK-0000441,BANK,BANK,MATCHED,M019-a2e376e9,false,false,,,
BNK-0000442,BANK,BANK,MATCHED,M012-3ac7d7a7,false,false,,,
BNK-0000443,BANK,BANK,MATCHED,M002-fe01ce75,false,false,,,
BNK-0000444,BANK,BANK,TIMING_DIFFERENCE,M016-8e29e602,false,false,,,
BNK-0000445,BANK,BANK,MATCHED,M006-de9bb53f,false,false,,,
BNK-0000446,BANK,BANK,MATCHED,M010-ba892b3b,false,false,,,
BNK-0000447,BANK,BANK,MATCHED,M018-3a5d0b7c,false,false,,,
BNK-0000448,BANK,BANK,MATCHED,M012-5e5b10c7,false,false,,,
BNK-0000449,BANK,BANK,MATCHED,M011-ff652558,false,false,,,
BNK-0000450,BANK,BANK,MATCHED,M017-5a94f348,false,false,,,
BNK-0000451,BANK,BANK,TIMING_DIFFERENCE,M007-a4bfe513,false,false,,,
BNK-0000452,BANK,BANK,MATCHED,M019-5007e2e7,false,false,,,
BNK-0000453,BANK,BANK,MATCHED,M007-a04ab220,false,false,,,
BNK-0000454,BANK,BANK,MATCHED,M004-8926e801,false,false,,,
BNK-0000455,BANK,BANK,MATCHED,M008-f4cece67,false,false,,,
BNK-0000456,BANK,BANK,MATCHED,M017-c1736ebe,false,false,,,
BNK-0000457,BANK,BANK,MATCHED,M017-bc65bfc5,false,false,,,
BNK-0000458,BANK,BANK,MATCHED,M005-f667b388,false,false,,,
BNK-0000459,BANK,BANK,MATCHED,M004-6ad09844,false,false,,,
BNK-0000460,BANK,BANK,MATCHED,M006-dedd634d,false,false,,,
BNK-0000461,BANK,BANK,MATCHED,M005-dc843565,false,false,,,
BNK-0000462,BANK,BANK,MATCHED,M018-f306e13d,false,false,,,
BNK-0000463,BANK,BANK,MATCHED,M010-5bb3f259,false,false,,,
BNK-0000464,BANK,BANK,MATCHED,M018-16762882,false,false,,,
BNK-0000465,BANK,BANK,MATCHED,M006-e7b7d370,false,false,,,
BNK-0000466,BANK,BANK,MATCHED,M004-076b1acd,false,false,,,
BNK-0000467,BANK,BANK,MATCHED,M018-d2edf85d,false,false,,,
BNK-0000468,BANK,BANK,MATCHED,M014-6e732bd0,false,false,,,
BNK-0000469,BANK,BANK,MATCHED,M007-9d64c090,false,false,,,
BNK-0000470,BANK,BANK,MATCHED,M011-41291995,false,false,,,
BNK-0000471,BANK,BANK,MATCHED,M003-5cd33e9f,false,false,,,
BNK-0000472,BANK,BANK,MATCHED,M013-c6afcc83,false,false,,,
BNK-0000473,BANK,BANK,MATCHED,M015-4ec8b45d,false,false,,,
BNK-0000474,BANK,BANK,TIMING_DIFFERENCE,M009-0d21e9e2,false,false,,,
BNK-0000475,BANK,BANK,MATCHED,M013-cb4f2004,false,false,,,
BNK-0000476,BANK,BANK,MATCHED,M003-249de87a,false,false,,,
BNK-0000477,BANK,BANK,MATCHED,M002-d9133d26,false,false,,,
BNK-0000478,BANK,BANK,TIMING_DIFFERENCE,M009-d09ea982,false,false,,,
BNK-0000479,BANK,BANK,MATCHED,M011-a99b7d87,false,false,,,
BNK-0000480,BANK,BANK,MATCHED,M015-6440285b,false,false,,,
BNK-0000481,BANK,BANK,MATCHED,M020-53935fd1,false,false,,,
BNK-0000482,BANK,BANK,MATCHED,M013-6b9ccc6c,false,false,,,
BNK-0000483,BANK,BANK,MATCHED,M017-12725b8e,false,false,,,
BNK-0000484,BANK,BANK,MATCHED,M010-55246fa3,false,false,,,
BNK-0000485,BANK,BANK,MATCHED,M005-99286c0d,false,false,,,
BNK-0000486,BANK,BANK,MATCHED,M015-c037c870,false,false,,,
BNK-0000487,BANK,BANK,MATCHED,M015-27e961b1,false,false,,,
BNK-0000488,BANK,BANK,MATCHED,M004-f4c4e8bc,false,false,,,
BNK-0000489,BANK,BANK,MATCHED,M003-69a1b31a,false,false,,,
BNK-0000490,BANK,BANK,MATCHED,M009-eeeea353,false,false,,,
BNK-0000491,BANK,BANK,MATCHED,M005-fa6aef15,false,false,,,
BNK-0000492,BANK,BANK,MATCHED,M002-2e00fd2d,false,false,,,
BNK-0000493,BANK,BANK,MATCHED,M005-7a9fdc10,false,false,,,
BNK-0000494,BANK,BANK,MATCHED,M020-a0031dff,false,false,,,
BNK-0000495,BANK,BANK,MATCHED,M004-0c8d2fc3,false,false,,,
BNK-0000496,BANK,BANK,MATCHED,M013-03f91d80,false,false,,,
BNK-0000497,BANK,BANK,MATCHED,M008-c391a97c,false,false,,,
BNK-0000498,BANK,BANK,MATCHED,M019-4f91904a,false,false,,,
BNK-0000499,BANK,BANK,MATCHED,M002-587c7a43,false,false,,,
BNK-0000500,BANK,BANK,MATCHED,M017-4e59b08f,false,false,,,
BNK-0000501,BANK,BANK,MATCHED,M004-c2aa24c4,false,false,,,
BNK-0000502,BANK,BANK,MATCHED,M018-e4f36497,false,false,,,
BNK-0000503,BANK,BANK,MATCHED,M002-ea45ac4e,false,false,,,
BNK-0000504,BANK,BANK,MATCHED,M009-b4703690,false,false,,,
BNK-0000505,BANK,BANK,MATCHED,M004-5e32bc55,false,false,,,
BNK-0000506,BANK,BANK,MATCHED,M001-247e1de3,false,false,,,
BNK-0000507,BANK,BANK,MATCHED,M008-eb4c29d9,false,false,,,
BNK-0000508,BANK,BANK,MATCHED,M004-e96f9c23,false,false,,,
BNK-0000509,BANK,BANK,MATCHED,M019-8f8c375d,false,false,,,
BNK-0000510,BANK,BANK,MATCHED,M001-ac32c49d,false,false,,,
BNK-0000511,BANK,BANK,MATCHED,M010-9f4580d0,false,false,,,
BNK-0000512,BANK,BANK,MATCHED,M018-d0ed6227,false,false,,,
BNK-0000513,BANK,BANK,MATCHED,M007-edbc3729,false,false,,,
BNK-0000514,BANK,BANK,MATCHED,M019-bd57da8c,false,false,,,
BNK-0000515,BANK,BANK,MATCHED,M016-6151b926,false,false,,,
BNK-0000516,BANK,BANK,MATCHED,M010-d212562c,false,false,,,
BNK-0000517,BANK,BANK,MATCHED,M017-4ad7312f,false,false,,,
BNK-0000518,BANK,BANK,MATCHED,M013-785e55eb,false,false,,,
BNK-0000519,BANK,BANK,MATCHED,M005-269b873a,false,false,,,
BNK-0000520,BANK,BANK,MATCHED,M020-edb9f779,false,false,,,
BNK-0000521,BANK,BANK,MATCHED,M012-c200caf6,false,false,,,
BNK-0000522,BANK,BANK,MATCHED,M018-f6af0894,false,false,,,
BNK-0000523,BANK,BANK,MATCHED,M015-f569ca03,false,false,,,
BNK-0000524,BANK,BANK,MATCHED,M007-93b4398d,false,false,,,
BNK-0000525,BANK,BANK,MATCHED,M015-a807a7a6,false,false,,,
BNK-0000526,BANK,BANK,MATCHED,M009-990846b3,false,false,,,
BNK-0000527,BANK,BANK,MATCHED,M011-d82ef9b1,false,false,,,
BNK-0000528,BANK,BANK,MATCHED,M020-ffa47837,false,false,,,
BNK-0000529,BANK,BANK,MATCHED,M008-74fbfb16,false,false,,,
BNK-0000530,BANK,BANK,MATCHED,M008-61a128b3,false,false,,,
BNK-0000531,BANK,BANK,MATCHED,M017-34c496af,false,false,,,
BNK-0000532,BANK,BANK,MATCHED,M016-6b0ff663,false,false,,,
BNK-0000533,BANK,BANK,TIMING_DIFFERENCE,M015-a436ab2d,false,false,,,
BNK-0000534,BANK,BANK,MATCHED,M010-f8a906f5,false,false,,,
BNK-0000535,BANK,BANK,MATCHED,M012-2140fe88,false,false,,,
BNK-0000536,BANK,BANK,MATCHED,M014-84e66740,false,false,,,
BNK-0000537,BANK,BANK,MATCHED,M019-db0dd13f,false,false,,,
BNK-0000538,BANK,BANK,MATCHED,M002-ff54c4d8,false,false,,,
BNK-0000539,BANK,BANK,MATCHED,M008-b356402a,false,false,,,
BNK-0000540,BANK,BANK,MATCHED,M008-512ff6d9,false,false,,,
BNK-0000541,BANK,BANK,MATCHED,M007-ef51b6a3,false,false,,,
BNK-0000542,BANK,BANK,MATCHED,M015-4180fd14,false,false,,,
BNK-0000543,BANK,BANK,MATCHED,M014-bc4d8b92,false,false,,,
BNK-0000544,BANK,BANK,MATCHED,M011-e53b1704,false,false,,,
BNK-0000545,BANK,BANK,MATCHED,M010-177e8fec,false,false,,,
BNK-0000546,BANK,BANK,MATCHED,M006-e41d62ef,false,false,,,
BNK-0000547,BANK,BANK,MATCHED,M020-0dd737ea,false,false,,,
BNK-0000548,BANK,BANK,MATCHED,M011-5a2a038d,false,false,,,
BNK-0000549,BANK,BANK,MATCHED,M006-e3a65948,false,false,,,
BNK-0000550,BANK,BANK,MATCHED,M019-98e656e4,false,false,,,
BNK-0000551,BANK,BANK,MATCHED,M011-cfc4b1d8,false,false,,,
BNK-0000552,BANK,BANK,MATCHED,M017-c844be64,false,false,,,
BNK-0000553,BANK,BANK,MATCHED,M011-5282639f,false,false,,,
BNK-0000554,BANK,BANK,MATCHED,M008-b1310582,false,false,,,
BNK-0000555,BANK,BANK,MATCHED,M019-fae1983c,false,false,,,
BNK-0000556,BANK,BANK,TIMING_DIFFERENCE,M012-6a988271,false,false,,,
BNK-0000557,BANK,BANK,MATCHED,M012-a8759535,false,false,,,
BNK-0000558,BANK,BANK,MATCHED,M005-e51b20a4,false,false,,,
BNK-0000559,BANK,BANK,MATCHED,M005-5d49a54e,false,false,,,
BNK-0000560,BANK,BANK,MATCHED,M013-c4a7cb2a,false,false,,,
BNK-0000561,BANK,BANK,MATCHED,M015-3834aad0,false,false,,,
BNK-0000562,BANK,BANK,MATCHED,M004-8a1483bb,false,false,,,
BNK-0000563,BANK,BANK,MATCHED,M005-1a9a3a1b,false,false,,,
BNK-0000564,BANK,BANK,MATCHED,M017-be842926,false,false,,,
BNK-0000565,BANK,BANK,MATCHED,M014-95d24734,false,false,,,
BNK-0000566,BANK,BANK,MATCHED,M015-17074c45,false,false,,,
BNK-0000567,BANK,BANK,MATCHED,M019-07a9f1bd,false,false,,,
BNK-0000568,BANK,BANK,MATCHED,M020-a0f40afc,false,false,,,
BNK-0000569,BANK,BANK,MATCHED,M001-f22ca78e,false,false,,,
BNK-0000570,BANK,BANK,MATCHED,M015-bf6d2d3b,false,false,,,
BNK-0000571,BANK,BANK,MATCHED,M018-7777a0c8,false,false,,,
BNK-0000572,BANK,BANK,MATCHED,M001-c95fee9c,false,false,,,
BNK-0000573,BANK,BANK,MATCHED,M006-578b3a0b,false,false,,,
BNK-0000574,BANK,BANK,MATCHED,M013-aa94502e,false,false,,,
BNK-0000575,BANK,BANK,MATCHED,M011-30b6d8a8,false,false,,,
BNK-0000576,BANK,BANK,MATCHED,M003-b2c80bd0,false,false,,,
BNK-0000577,BANK,BANK,TIMING_DIFFERENCE,M009-17e3a28b,false,false,,,
BNK-0000578,BANK,BANK,MATCHED,M015-58af8d62,false,false,,,
BNK-0000579,BANK,BANK,MATCHED,M001-a5dd9d60,false,false,,,
BNK-0000580,BANK,BANK,MATCHED,M018-e500ba01,false,false,,,
BNK-0000581,BANK,BANK,MATCHED,M008-e6273773,false,false,,,
BNK-0000582,BANK,BANK,MATCHED,M004-f5cf5ace,false,false,,,
BNK-0000583,BANK,BANK,MATCHED,M004-f327b42d,false,false,,,
BNK-0000584,BANK,BANK,MATCHED,M016-df5e935a,false,false,,,
BNK-0000586,BANK,BANK,MATCHED,M010-ee0c21d6,false,false,,,
BNK-0000587,BANK,BANK,MATCHED,M007-6b68607a,false,false,,,
BNK-0000588,BANK,BANK,MATCHED,M017-030cdeb0,false,false,,,
BNK-0000589,BANK,BANK,MATCHED,M020-15ea8e09,false,false,,,
BNK-0000590,BANK,BANK,MATCHED,M012-e0d3f238,false,false,,,
BNK-0000591,BANK,BANK,MATCHED,M013-0d502577,false,false,,,
BNK-0000592,BANK,BANK,MATCHED,M011-bd4f6906,false,false,,,
BNK-0000593,BANK,BANK,MATCHED,M014-791ac7dc,false,false,,,
BNK-0000594,BANK,BANK,MATCHED,M004-3f121614,false,false,,,
BNK-0000595,BANK,BANK,MATCHED,M020-dc78b4ae,false,false,,,
BNK-0000596,BANK,BANK,MATCHED,M006-e1967f9b,false,false,,,
BNK-0000597,BANK,BANK,MATCHED,M018-7405f508,false,false,,,
BNK-0000598,BANK,BANK,MATCHED,M007-7a4d8baa,false,false,,,
BNK-0000599,BANK,BANK,MATCHED,M017-f072fe6f,false,false,,,
BNK-0000600,BANK,BANK,MATCHED,M004-0a56c206,false,false,,,
BNK-0000601,BANK,BANK,MATCHED,M010-5eb36c86,false,false,,,
BNK-0000602,BANK,BANK,MATCHED,M019-78cd3d55,false,false,,,
BNK-0000603,BANK,BANK,MATCHED,M009-46f56754,false,false,,,
BNK-0000604,BANK,BANK,MATCHED,M016-27200323,false,false,,,
BNK-0000605,BANK,BANK,MATCHED,M008-bcd51966,false,false,,,
BNK-0000606,BANK,BANK,MATCHED,M013-df72fdd8,false,false,,,
BNK-0000607,BANK,BANK,MATCHED,M014-1efb0f59,false,false,,,
BNK-0000608,BANK,BANK,MATCHED,M016-5eebf8ac,false,false,,,
BNK-0000609,BANK,BANK,MATCHED,M015-2b94baad,false,false,,,
BNK-0000610,BANK,BANK,MATCHED,M001-b7cac4e1,false,false,,,
BNK-0000611,BANK,BANK,MATCHED,M020-429bdf9c,false,false,,,
BNK-0000612,BANK,BANK,MATCHED,M012-77f85f36,false,false,,,
BNK-0000613,BANK,BANK,MATCHED,M003-233bf7f2,false,false,,,
BNK-0000614,BANK,BANK,MATCHED,M016-f4156f47,false,false,,,
BNK-0000615,BANK,BANK,MATCHED,M015-87939185,false,false,,,
BNK-0000616,BANK,BANK,MATCHED,M005-046b991a,false,false,,,
BNK-0000617,BANK,BANK,MATCHED,M003-e483476e,false,false,,,
BNK-0000618,BANK,BANK,TIMING_DIFFERENCE,M011-c5548c0f,false,false,,,
BNK-0000619,BANK,BANK,TIMING_DIFFERENCE,M014-771a22cb,false,false,,,
BNK-0000620,BANK,BANK,MATCHED,M017-3fea2a23,false,false,,,
BNK-0000621,BANK,BANK,MATCHED,M011-1ab3f7f3,false,false,,,
BNK-0000622,BANK,BANK,TIMING_DIFFERENCE,M005-00258863,false,false,,,
BNK-0000623,BANK,BANK,MATCHED,M008-6d133751,false,false,,,
BNK-0000624,BANK,BANK,MATCHED,M004-cbf172e1,false,false,,,
BNK-0000625,BANK,BANK,MATCHED,M014-d51af040,false,false,,,
BNK-0000626,BANK,BANK,MATCHED,M009-fe293840,false,false,,,
BNK-0000627,BANK,BANK,MATCHED,M008-7ba849b7,false,false,,,
BNK-0000628,BANK,BANK,MATCHED,M019-ae895cb7,false,false,,,
BNK-0000629,BANK,BANK,MATCHED,M015-819ffdf0,false,false,,,
BNK-0000630,BANK,BANK,MATCHED,M010-fc0ab620,false,false,,,
BNK-0000631,BANK,BANK,MATCHED,M016-52c0bc31,false,false,,,
BNK-0000632,BANK,BANK,MATCHED,M020-325628ed,false,false,,,
BNK-0000633,BANK,BANK,MATCHED,M005-b032e3a5,false,false,,,
BNK-0000634,BANK,BANK,MATCHED,M005-6432cbf2,false,false,,,
BNK-0000635,BANK,BANK,MATCHED,M006-a897e8d9,false,false,,,
BNK-0000636,BANK,BANK,MATCHED,M008-fbc28f18,false,false,,,
BNK-0000637,BANK,BANK,MATCHED,M010-f4a1df65,false,false,,,
BNK-0000638,BANK,BANK,MATCHED,M016-93ef4c0b,false,false,,,
BNK-0000639,BANK,BANK,MATCHED,M009-5f79e358,false,false,,,
BNK-0000641,BANK,BANK,MATCHED,M012-1f871a0a,false,false,,,
BNK-0000642,BANK,BANK,MATCHED,M017-b923e7b8,false,false,,,
BNK-0000643,BANK,BANK,MATCHED,M002-6cd9bba6,false,false,,,
BNK-0000644,BANK,BANK,MATCHED,M016-f0661a54,false,false,,,
BNK-0000645,BANK,BANK,MATCHED,M012-6e5a2af6,false,false,,,
BNK-0000646,BANK,BANK,MATCHED,M018-ea25bcb2,false,false,,,
BNK-0000647,BANK,BANK,MATCHED,M015-8f4642cd,false,false,,,
BNK-0000649,BANK,BANK,MATCHED,M017-b6b1bb59,false,false,,,
BNK-0000650,BANK,BANK,MATCHED,M007-38fda97e,false,false,,,
BNK-0000651,BANK,BANK,MATCHED,M012-93f4b55a,false,false,,,
BNK-0000652,BANK,BANK,MATCHED,M008-e4822fde,false,false,,,
BNK-0000653,BANK,BANK,MATCHED,M012-322c2b9b,false,false,,,
BNK-0000654,BANK,BANK,MATCHED,M009-27be5d04,false,false,,,
BNK-0000655,BANK,BANK,MATCHED,M012-ad4d4f86,false,false,,,
BNK-0000656,BANK,BANK,MATCHED,M014-81264a12,false,false,,,
BNK-0000657,BANK,BANK,MATCHED,M017-96176412,false,false,,,
BNK-0000658,BANK,BANK,MATCHED,M018-fac1d1cb,false,false,,,
BNK-0000659,BANK,BANK,MATCHED,M020-1450c057,false,false,,,
BNK-0000660,BANK,BANK,MATCHED,M020-50df16f2,false,false,,,
BNK-0000661,BANK,BANK,MATCHED,M013-e71e5cf2,false,false,,,
BNK-0000662,BANK,BANK,MATCHED,M019-cb78f134,false,false,,,
BNK-0000663,BANK,BANK,MATCHED,M001-ec9d6107,false,false,,,
BNK-0000664,BANK,BANK,MATCHED,M004-724bd0b3,false,false,,,
BNK-0000665,BANK,BANK,MATCHED,M015-3e2fbb32,false,false,,,
BNK-0000666,BANK,BANK,MATCHED,M020-6f4f56a7,false,false,,,
BNK-0000667,BANK,BANK,MATCHED,M010-dc7fdfbf,false,false,,,
BNK-0000668,BANK,BANK,MATCHED,M007-956226b4,false,false,,,
BNK-0000669,BANK,BANK,MATCHED,M003-a596e733,false,false,,,
BNK-0000671,BANK,BANK,MATCHED,M014-082c8f24,false,false,,,
BNK-0000672,BANK,BANK,MATCHED,M006-b1462115,false,false,,,
BNK-0000673,BANK,BANK,MATCHED,M009-6ba2f4be,false,false,,,
BNK-0000674,BANK,BANK,MATCHED,M016-27556a37,false,false,,,
BNK-0000675,BANK,BANK,MATCHED,M011-bb2b9b7c,false,false,,,
BNK-0000676,BANK,BANK,MATCHED,M019-90482a0f,false,false,,,
BNK-0000677,BANK,BANK,MATCHED,M018-88f657eb,false,false,,,
BNK-0000678,BANK,BANK,MATCHED,M001-03ff9e25,false,false,,,
BNK-0000679,BANK,BANK,MATCHED,M005-c028716e,false,false,,,
BNK-0000680,BANK,BANK,MATCHED,M011-cf68f5a8,false,false,,,
BNK-0000681,BANK,BANK,MATCHED,M017-0e9d6be1,false,false,,,
BNK-0000682,BANK,BANK,MATCHED,M009-19d48dbe,false,false,,,
BNK-0000683,BANK,BANK,MATCHED,M018-3208d327,false,false,,,
BNK-0000684,BANK,BANK,MATCHED,M007-2127a74a,false,false,,,
BNK-0000685,BANK,BANK,MATCHED,M015-7f2013e4,false,false,,,
BNK-0000686,BANK,BANK,MATCHED,M005-1c899da3,false,false,,,
BNK-0000687,BANK,BANK,MATCHED,M019-bb23f8ca,false,false,,,
BNK-0000688,BANK,BANK,MATCHED,M018-853074b0,false,false,,,
BNK-0000689,BANK,BANK,MATCHED,M018-f27608f4,false,false,,,
BNK-0000690,BANK,BANK,MATCHED,M017-4331f793,false,false,,,
BNK-0000691,BANK,BANK,MATCHED,M003-b7413d49,false,false,,,
BNK-0000692,BANK,BANK,MATCHED,M008-c51a6f88,false,false,,,
BNK-0000693,BANK,BANK,MATCHED,M007-461ee001,false,false,,,
BNK-0000694,BANK,BANK,MATCHED,M004-9b6f9e79,false,false,,,
BNK-0000695,BANK,BANK,MATCHED,M017-9c3a4fde,false,false,,,
BNK-0000696,BANK,BANK,MATCHED,M015-b5b4016a,false,false,,,
BNK-0000697,BANK,BANK,MATCHED,M006-d77a0a80,false,false,,,
BNK-0000698,BANK,BANK,MATCHED,M007-7c400712,false,false,,,
BNK-0000699,BANK,BANK,MATCHED,M014-27557721,false,false,,,
BNK-0000700,BANK,BANK,MATCHED,M003-12942542,false,false,,,
BNK-0000701,BANK,BANK,MATCHED,M010-9a11346c,false,false,,,
BNK-0000702,BANK,BANK,MATCHED,M007-1e850681,false,false,,,
BNK-0000703,BANK,BANK,MATCHED,M012-b4def16f,false,false,,,
BNK-0000704,BANK,BANK,MATCHED,M011-96e74263,false,false,,,
BNK-0000705,BANK,BANK,MATCHED,M013-f2b305c9,false,false,,,
BNK-0000706,BANK,BANK,MATCHED,M018-46288f9c,false,false,,,
BNK-0000707,BANK,BANK,MATCHED,M003-0a29d223,false,false,,,
BNK-0000708,BANK,BANK,MATCHED,M018-457d4b5c,false,false,,,
BNK-0000709,BANK,BANK,MATCHED,M001-034539a7,false,false,,,
BNK-0000710,BANK,BANK,MATCHED,M007-fb15220c,false,false,,,
BNK-0000711,BANK,BANK,TIMING_DIFFERENCE,M018-0e8d9c1c,false,false,,,
BNK-0000712,BANK,BANK,MATCHED,M005-8c0c1677,false,false,,,
BNK-0000713,BANK,BANK,MATCHED,M010-023b2e01,false,false,,,
BNK-0000714,BANK,BANK,MATCHED,M011-20cd5b68,false,false,,,
BNK-0000715,BANK,BANK,MATCHED,M011-e37285fb,false,false,,,
BNK-0000716,BANK,BANK,MATCHED,M016-0961ca8d,false,false,,,
BNK-0000717,BANK,BANK,MATCHED,M005-4b6fada1,false,false,,,
BNK-0000718,BANK,BANK,MATCHED,M005-25c4db18,false,false,,,
BNK-0000719,BANK,BANK,MATCHED,M007-03fda0bd,false,false,,,
BNK-0000720,BANK,BANK,MATCHED,M011-57afbf3d,false,false,,,
BNK-0000721,BANK,BANK,MATCHED,M001-cf23b51d,false,false,,,
BNK-0000722,BANK,BANK,MATCHED,M016-8aaa0729,false,false,,,
BNK-0000723,BANK,BANK,MATCHED,M011-71fd653e,false,false,,,
BNK-0000724,BANK,BANK,MATCHED,M019-42f04e68,false,false,,,
BNK-0000725,BANK,BANK,MATCHED,M010-61a01f34,false,false,,,
BNK-0000727,BANK,BANK,MATCHED,M002-b7429ef3,false,false,,,
BNK-0000728,BANK,BANK,MATCHED,M015-d8ed7ba1,false,false,,,
BNK-0000729,BANK,BANK,MATCHED,M010-584ae2a4,false,false,,,
BNK-0000730,BANK,BANK,MATCHED,M005-c49312ce,false,false,,,
BNK-0000731,BANK,BANK,MATCHED,M008-7f0f1f2c,false,false,,,
BNK-0000732,BANK,BANK,MATCHED,M017-4d343a8d,false,false,,,
BNK-0000733,BANK,BANK,MATCHED,M013-1a1aac90,false,false,,,
BNK-0000734,BANK,BANK,MATCHED,M017-9ccf4a73,false,false,,,
BNK-0000735,BANK,BANK,MATCHED,M014-296ea027,false,false,,,
BNK-0000736,BANK,BANK,MATCHED,M005-48aa482d,false,false,,,
BNK-0000737,BANK,BANK,MATCHED,M016-b07f0f5e,false,false,,,
BNK-0000738,BANK,BANK,MATCHED,M016-e6a198c9,false,false,,,
BNK-0000739,BANK,BANK,MATCHED,M003-5c4b7c5e,false,false,,,
BNK-0000740,BANK,BANK,MATCHED,M019-03d9f44d,false,false,,,
BNK-0000741,BANK,BANK,MATCHED,M015-4f409454,false,false,,,
BNK-0000742,BANK,BANK,MATCHED,M002-9039aa09,false,false,,,
BNK-0000743,BANK,BANK,MATCHED,M020-a7cb76de,false,false,,,
BNK-0000744,BANK,BANK,MATCHED,M005-c8dbb4c5,false,false,,,
BNK-0000745,BANK,BANK,MATCHED,M012-9e90b0af,false,false,,,
BNK-0000746,BANK,BANK,MATCHED,M005-5dfafffa,false,false,,,
BNK-0000747,BANK,BANK,MATCHED,M007-03cbd192,false,false,,,
BNK-0000748,BANK,BANK,MATCHED,M019-1ed3646f,false,false,,,
BNK-0000749,BANK,BANK,MATCHED,M012-df7571ca,false,false,,,
BNK-0000750,BANK,BANK,MATCHED,M007-38709027,false,false,,,
BNK-0000751,BANK,BANK,MATCHED,M013-e7bd9ba4,false,false,,,
BNK-0000752,BANK,BANK,MATCHED,M002-94cf783e,false,false,,,
BNK-0000753,BANK,BANK,MATCHED,M006-8511a8b6,false,false,,,
BNK-0000754,BANK,BANK,MATCHED,M013-2dd0ddb7,false,false,,,
BNK-0000755,BANK,BANK,TIMING_DIFFERENCE,M020-5d4f6968,false,false,,,
BNK-0000756,BANK,BANK,MATCHED,M010-5e92b2ab,false,false,,,
BNK-0000757,BANK,BANK,MATCHED,M018-df341aa2,false,false,,,
BNK-0000758,BANK,BANK,MATCHED,M005-d12b1eaf,false,false,,,
BNK-0000759,BANK,BANK,MATCHED,M010-bbadc62b,false,false,,,
BNK-0000760,BANK,BANK,MATCHED,M007-373f677f,false,false,,,
BNK-0000761,BANK,BANK,MATCHED,M010-ce6ef2c6,false,false,,,
BNK-0000762,BANK,BANK,MATCHED,M010-6cf8f891,false,false,,,
BNK-0000763,BANK,BANK,MATCHED,M008-2233fed3,false,false,,,
BNK-0000764,BANK,BANK,MATCHED,M011-2e38e107,false,false,,,
BNK-0000765,BANK,BANK,MATCHED,M015-3612a5c7,false,false,,,
BNK-0000766,BANK,BANK,MATCHED,M004-aeae08b2,false,false,,,
BNK-0000767,BANK,BANK,MATCHED,M001-5e53a224,false,false,,,
BNK-0000768,BANK,BANK,MATCHED,M016-3ad1f4c1,false,false,,,
BNK-0000769,BANK,BANK,MATCHED,M002-4596b72d,false,false,,,
BNK-0000770,BANK,BANK,MATCHED,M012-d8192419,false,false,,,
BNK-0000771,BANK,BANK,MATCHED,M014-93c3e0c5,false,false,,,
BNK-0000772,BANK,BANK,MATCHED,M004-3acd6d05,false,false,,,
BNK-0000773,BANK,BANK,MATCHED,M020-a1091484,false,false,,,
BNK-0000774,BANK,BANK,MATCHED,M004-298dfe19,false,false,,,
BNK-0000775,BANK,BANK,MATCHED,M016-171d34b5,false,false,,,
BNK-0000776,BANK,BANK,MATCHED,M013-3213b6e3,false,false,,,
BNK-0000777,BANK,BANK,MATCHED,M010-d2bd4b25,false,false,,,
BNK-0000778,BANK,BANK,MATCHED,M005-a16d3466,false,false,,,
BNK-0000779,BANK,BANK,MATCHED,M017-fc7ac1fd,false,false,,,
BNK-0000780,BANK,BANK,MATCHED,M004-cef1d2ca,false,false,,,
BNK-0000781,BANK,BANK,MATCHED,M011-ab6a14f4,false,false,,,
BNK-0000782,BANK,BANK,MATCHED,M002-d5930a2b,false,false,,,
BNK-0000783,BANK,BANK,MATCHED,M011-5e854b0b,false,false,,,
BNK-0000784,BANK,BANK,MATCHED,M015-daded451,false,false,,,
BNK-0000785,BANK,BANK,MATCHED,M005-2b8ea8d4,false,false,,,
BNK-0000786,BANK,BANK,MATCHED,M007-55901fc2,false,false,,,
BNK-0000787,BANK,BANK,MATCHED,M001-434cbf26,false,false,,,
BNK-0000788,BANK,BANK,MATCHED,M016-93830dcc,false,false,,,
BNK-0000789,BANK,BANK,TIMING_DIFFERENCE,M015-20a9642c,false,false,,,
BNK-0000790,BANK,BANK,MATCHED,M008-140968ec,false,false,,,
BNK-0000791,BANK,BANK,MATCHED,M019-be7d8515,false,false,,,
BNK-0000792,BANK,BANK,MATCHED,M019-f1b35428,false,false,,,
BNK-0000793,BANK,BANK,MATCHED,M004-6a1a62bc,false,false,,,
BNK-0000794,BANK,BANK,MATCHED,M019-5caee3af,false,false,,,
BNK-0000795,BANK,BANK,MATCHED,M010-8cfdd2a5,false,false,,,
BNK-0000796,BANK,BANK,MATCHED,M015-070ce909,false,false,,,
BNK-0000797,BANK,BANK,MATCHED,M018-4438ce9e,false,false,,,
BNK-0000798,BANK,BANK,TIMING_DIFFERENCE,M003-7090bfb3,false,false,,,
BNK-0000799,BANK,BANK,MATCHED,M020-2ec3f826,false,false,,,
BNK-0000800,BANK,BANK,MATCHED,M010-31436da8,false,false,,,
BNK-0000801,BANK,BANK,MATCHED,M018-b7ea5ebb,false,false,,,
BNK-0000802,BANK,BANK,MATCHED,M006-8b5ca627,false,false,,,
BNK-0000803,BANK,BANK,MATCHED,M019-4219d7ab,false,false,,,
BNK-0000804,BANK,BANK,MATCHED,M004-0dd91b6b,false,false,,,
BNK-0000805,BANK,BANK,MATCHED,M015-0fc8db9c,false,false,,,
BNK-0000806,BANK,BANK,MATCHED,M004-fee9030f,false,false,,,
BNK-0000807,BANK,BANK,MATCHED,M002-1797d293,false,false,,,
BNK-0000808,BANK,BANK,TIMING_DIFFERENCE,M008-88f501ed,false,false,,,
BNK-0000809,BANK,BANK,MATCHED,M018-ff52e005,false,false,,,
BNK-0000810,BANK,BANK,MATCHED,M015-eda40551,false,false,,,
BNK-0000811,BANK,BANK,MATCHED,M004-5c537de3,false,false,,,
BNK-0000812,BANK,BANK,MATCHED,M005-483e76e3,false,false,,,
BNK-0000813,BANK,BANK,MATCHED,M003-3248d1c7,false,false,,,
BNK-0000814,BANK,BANK,MATCHED,M002-3ebc149d,false,false,,,
BNK-0000815,BANK,BANK,MATCHED,M016-98d669d7,false,false,,,
BNK-0000816,BANK,BANK,MATCHED,M009-7ab95e0e,false,false,,,
BNK-0000817,BANK,BANK,MATCHED,M018-c72cdba5,false,false,,,
BNK-0000818,BANK,BANK,MATCHED,M015-874de49e,false,false,,,
BNK-0000819,BANK,BANK,MATCHED,M004-1a4bdacc,false,false,,,
BNK-0000820,BANK,BANK,MATCHED,M011-0eef6024,false,false,,,
BNK-0000821,BANK,BANK,MATCHED,M018-da6ddadb,false,false,,,
BNK-0000822,BANK,BANK,MATCHED,M015-bf7de377,false,false,,,
BNK-0000823,BANK,BANK,MATCHED,M010-10779955,false,false,,,
BNK-0000824,BANK,BANK,MATCHED,M006-bc29b54d,false,false,,,
BNK-0000825,BANK,BANK,TIMING_DIFFERENCE,M010-405f676c,false,false,,,
BNK-0000826,BANK,BANK,MATCHED,M011-bf675fe4,false,false,,,
BNK-0000827,BANK,BANK,MATCHED,M001-6dc8cff6,false,false,,,
BNK-0000828,BANK,BANK,MATCHED,M004-dbc742d8,false,false,,,
BNK-0000829,BANK,BANK,MATCHED,M008-4cb707ed,false,false,,,
BNK-0000830,BANK,BANK,MATCHED,M006-de164aeb,false,false,,,
BNK-0000831,BANK,BANK,MATCHED,M009-dd404b77,false,false,,,
BNK-0000832,BANK,BANK,MATCHED,M018-05ddda35,false,false,,,
BNK-0000833,BANK,BANK,MATCHED,M007-4d598703,false,false,,,
BNK-0000834,BANK,BANK,MATCHED,M009-fad4f932,false,false,,,
BNK-0000835,BANK,BANK,MATCHED,M018-7d2b7e19,false,false,,,
BNK-0000836,BANK,BANK,MATCHED,M004-d4f9ad33,false,false,,,
BNK-0000837,BANK,BANK,MATCHED,M020-9d5f3dbb,false,false,,,
BNK-0000838,BANK,BANK,MATCHED,M019-d70d65a4,false,false,,,
BNK-0000839,BANK,BANK,MATCHED,M018-1d47c561,false,false,,,
BNK-0000840,BANK,BANK,MATCHED,M012-b9b9f8f9,false,false,,,
BNK-0000841,BANK,BANK,MATCHED,M012-a1031a82,false,false,,,
BNK-0000842,BANK,BANK,MATCHED,M014-9e201ebb,false,false,,,
BNK-0000843,BANK,BANK,MATCHED,M019-6ceadae8,false,false,,,
BNK-0000844,BANK,BANK,MATCHED,M009-2d9a03e9,false,false,,,
BNK-0000845,BANK,BANK,MATCHED,M009-9993a538,false,false,,,
BNK-0000846,BANK,BANK,MATCHED,M019-b0005d06,false,false,,,
BNK-0000847,BANK,BANK,MATCHED,M020-6fe51fb2,false,false,,,
BNK-0000848,BANK,BANK,MATCHED,M014-ae6aa0c3,false,false,,,
BNK-0000849,BANK,BANK,MATCHED,M007-c4daabd6,false,false,,,
BNK-0000851,BANK,BANK,TIMING_DIFFERENCE,M018-c0fb3564,false,false,,,
BNK-0000852,BANK,BANK,MATCHED,M002-237e90d9,false,false,,,
BNK-0000853,BANK,BANK,MATCHED,M004-b7b1e38c,false,false,,,
BNK-0000854,BANK,BANK,MATCHED,M014-7fa276a0,false,false,,,
BNK-0000855,BANK,BANK,MATCHED,M020-378bdc25,false,false,,,
BNK-0000856,BANK,BANK,MATCHED,M007-0990dafd,false,false,,,
BNK-0000857,BANK,BANK,MATCHED,M003-2fbff79b,false,false,,,
BNK-0000858,BANK,BANK,TIMING_DIFFERENCE,M008-dd5d48f2,false,false,,,
BNK-0000859,BANK,BANK,MATCHED,M008-f1d02141,false,false,,,
BNK-0000860,BANK,BANK,MATCHED,M019-e8a4ca2a,false,false,,,
BNK-0000861,BANK,BANK,TIMING_DIFFERENCE,M014-8c5026c7,false,false,,,
BNK-0000862,BANK,BANK,MATCHED,M013-15c85171,false,false,,,
BNK-0000863,BANK,BANK,MATCHED,M008-b25a98f4,false,false,,,
BNK-0000864,BANK,BANK,MATCHED,M004-6acbdfd3,false,false,,,
BNK-0000865,BANK,BANK,MATCHED,M010-686239a5,false,false,,,
BNK-0000866,BANK,BANK,MATCHED,M015-4b7b4b97,false,false,,,
BNK-0000867,BANK,BANK,MATCHED,M014-66f327f0,false,false,,,
BNK-0000868,BANK,BANK,MATCHED,M013-5b721d9d,false,false,,,
BNK-0000869,BANK,BANK,MATCHED,M005-716e32aa,false,false,,,
BNK-0000870,BANK,BANK,MATCHED,M014-b9d5399e,false,false,,,
BNK-0000871,BANK,BANK,MATCHED,M015-94929cc7,false,false,,,
BNK-0000872,BANK,BANK,MATCHED,M009-1ad0c41f,false,false,,,
BNK-0000873,BANK,BANK,MATCHED,M001-c574eb63,false,false,,,
BNK-0000874,BANK,BANK,MATCHED,M011-436e6f7d,false,false,,,
BNK-0000875,BANK,BANK,MATCHED,M013-e695973c,false,false,,,
BNK-0000876,BANK,BANK,MATCHED,M009-cdaec774,false,false,,,
BNK-0000877,BANK,BANK,MATCHED,M008-5b82cac2,false,false,,,
BNK-0000878,BANK,BANK,MATCHED,M020-4debdabe,false,false,,,
BNK-0000879,BANK,BANK,MATCHED,M014-30fc952f,false,false,,,
BNK-0000880,BANK,BANK,MATCHED,M020-70cbcea7,false,false,,,
BNK-0000881,BANK,BANK,MATCHED,M011-de049ac8,false,false,,,
BNK-0000882,BANK,BANK,MATCHED,M011-5c912396,false,false,,,
BNK-0000883,BANK,BANK,MATCHED,M020-c2ea7b9b,false,false,,,
BNK-0000884,BANK,BANK,MATCHED,M007-c15ea400,false,false,,,
BNK-0000885,BANK,BANK,MATCHED,M005-baa0423f,false,false,,,
BNK-0000886,BANK,BANK,MATCHED,M003-717c0978,false,false,,,
BNK-0000887,BANK,BANK,MATCHED,M010-c902bd41,false,false,,,
BNK-0000888,BANK,BANK,MATCHED,M006-2729899a,false,false,,,
BNK-0000889,BANK,BANK,MATCHED,M019-06c86e08,false,false,,,
BNK-0000890,BANK,BANK,MATCHED,M008-3edb9d1c,false,false,,,
BNK-0000891,BANK,BANK,TIMING_DIFFERENCE,M020-f97e0327,false,false,,,
BNK-0000892,BANK,BANK,MATCHED,M002-add52a45,false,false,,,
BNK-0000894,BANK,BANK,MATCHED,M013-c785db14,false,false,,,
BNK-0000895,BANK,BANK,MATCHED,M008-224b045a,false,false,,,
BNK-0000896,BANK,BANK,MATCHED,M010-777d74d7,false,false,,,
BNK-0000897,BANK,BANK,MATCHED,M006-87389f50,false,false,,,
BNK-0000898,BANK,BANK,MATCHED,M002-4f50bb22,false,false,,,
BNK-0000899,BANK,BANK,MATCHED,M005-f9f46e3a,false,false,,,
BNK-0000900,BANK,BANK,MATCHED,M015-7f02df7c,false,false,,,
BNK-0000901,BANK,BANK,MATCHED,M005-d5d80a4b,false,false,,,
BNK-0000902,BANK,BANK,MATCHED,M009-6de535be,false,false,,,
BNK-0000903,BANK,BANK,TIMING_DIFFERENCE,M004-620cc4f2,false,false,,,
BNK-0000904,BANK,BANK,MATCHED,M010-836465e7,false,false,,,
BNK-0000905,BANK,BANK,TIMING_DIFFERENCE,M011-224fa5fa,false,false,,,
BNK-0000906,BANK,BANK,MATCHED,M015-c463f468,false,false,,,
BNK-0000907,BANK,BANK,MATCHED,M019-03f8c451,false,false,,,
BNK-0000908,BANK,BANK,MATCHED,M001-13102c16,false,false,,,
BNK-0000909,BANK,BANK,MATCHED,M008-4266ee83,false,false,,,
BNK-0000910,BANK,BANK,MATCHED,M007-d0d3ce17,false,false,,,
BNK-0000911,BANK,BANK,MATCHED,M009-4056e69f,false,false,,,
BNK-0000912,BANK,BANK,MATCHED,M019-5c495a31,false,false,,,
BNK-0000913,BANK,BANK,MATCHED,M018-a8b1b917,false,false,,,
BNK-0000914,BANK,BANK,MATCHED,M006-6aa487d2,false,false,,,
BNK-0000915,BANK,BANK,MATCHED,M009-781ec600,false,false,,,
BNK-0000916,BANK,BANK,MATCHED,M003-91548588,false,false,,,
BNK-0000917,BANK,BANK,MATCHED,M006-4582781a,false,false,,,
BNK-0000918,BANK,BANK,MATCHED,M017-9e0dcd6f,false,false,,,
BNK-0000919,BANK,BANK,MATCHED,M002-5a106df0,false,false,,,
BNK-0000920,BANK,BANK,MATCHED,M003-e156bf4a,false,false,,,
BNK-0000921,BANK,BANK,MATCHED,M003-58049d34,false,false,,,
BNK-0000922,BANK,BANK,MATCHED,M007-0b8a6ee9,false,false,,,
BNK-0000923,BANK,BANK,MATCHED,M008-3433295a,false,false,,,
BNK-0000924,BANK,BANK,MATCHED,M003-9d988606,false,false,,,
BNK-0000925,BANK,BANK,MATCHED,M009-0f0b2101,false,false,,,
BNK-0000926,BANK,BANK,MATCHED,M012-2a149371,false,false,,,
BNK-0000927,BANK,BANK,MATCHED,M020-fae83d54,false,false,,,
BNK-0000928,BANK,BANK,MATCHED,M018-89fea7be,false,false,,,
BNK-0000929,BANK,BANK,MATCHED,M006-c9ce573d,false,false,,,
BNK-0000930,BANK,BANK,MATCHED,M005-d69f1986,false,false,,,
BNK-0000931,BANK,BANK,MATCHED,M012-33520570,false,false,,,
BNK-0000932,BANK,BANK,MATCHED,M019-40885c87,false,false,,,
BNK-0000933,BANK,BANK,MATCHED,M009-3ca3304f,false,false,,,
BNK-0000934,BANK,BANK,MATCHED,M012-6884a898,false,false,,,
BNK-0000935,BANK,BANK,MATCHED,M008-ceb53036,false,false,,,
BNK-0000936,BANK,BANK,MATCHED,M018-5cce0308,false,false,,,
BNK-0000937,BANK,BANK,MATCHED,M001-cd240dc8,false,false,,,
BNK-0000938,BANK,BANK,MATCHED,M019-71b9fa2d,false,false,,,
BNK-0000939,BANK,BANK,MATCHED,M007-589ddce1,false,false,,,
BNK-0000940,BANK,BANK,MATCHED,M011-feff01ba,false,false,,,
BNK-0000941,BANK,BANK,MATCHED,M015-512fadb8,false,false,,,
BNK-0000942,BANK,BANK,MATCHED,M003-401c3e04,false,false,,,
BNK-0000943,BANK,BANK,MATCHED,M018-0ac13496,false,false,,,
BNK-0000944,BANK,BANK,MATCHED,M012-66567467,false,false,,,
BNK-0000945,BANK,BANK,MATCHED,M014-47f8dd65,false,false,,,
BNK-0000946,BANK,BANK,MATCHED,M011-6819f69c,false,false,,,
BNK-0000947,BANK,BANK,TIMING_DIFFERENCE,M019-b5546dac,false,false,,,
BNK-0000948,BANK,BANK,MATCHED,M007-f8ea6815,false,false,,,
BNK-0000949,BANK,BANK,MATCHED,M012-658f71e7,false,false,,,
BNK-0000950,BANK,BANK,MATCHED,M006-e8d2d871,false,false,,,
BNK-0000951,BANK,BANK,MATCHED,M007-c8587bfe,false,false,,,
BNK-0000952,BANK,BANK,MATCHED,M016-5e667bb9,false,false,,,
BNK-0000953,BANK,BANK,MATCHED,M013-c8b7cec8,false,false,,,
BNK-0000954,BANK,BANK,MATCHED,M009-48b72cc2,false,false,,,
BNK-0000955,BANK,BANK,MATCHED,M009-cc7980e4,false,false,,,
BNK-0000956,BANK,BANK,MATCHED,M010-0cf4c481,false,false,,,
BNK-0000957,BANK,BANK,MATCHED,M017-ca93a089,false,false,,,
BNK-0000958,BANK,BANK,MATCHED,M008-05d89cec,false,false,,,
BNK-0000959,BANK,BANK,MATCHED,M018-87363a69,false,false,,,
BNK-0000960,BANK,BANK,MATCHED,M010-b62092aa,false,false,,,
BNK-0000961,BANK,BANK,MATCHED,M015-5a912e03,false,false,,,
BNK-0000962,BANK,BANK,MATCHED,M007-62719656,false,false,,,
BNK-0000963,BANK,BANK,MATCHED,M005-5f5d4a25,false,false,,,
BNK-0000964,BANK,BANK,MATCHED,M018-09b2e45a,false,false,,,
BNK-0000965,BANK,BANK,TIMING_DIFFERENCE,M020-23b61b56,false,false,,,
BNK-0000966,BANK,BANK,MATCHED,M011-d66953fa,false,false,,,
BNK-0000967,BANK,BANK,MATCHED,M011-4334337b,false,false,,,
BNK-0000968,BANK,BANK,MATCHED,M016-48dc870c,false,false,,,
BNK-0000969,BANK,BANK,MATCHED,M010-d67cc5fd,false,false,,,
BNK-0000970,BANK,BANK,MATCHED,M014-c9eb74ff,false,false,,,
BNK-0000971,BANK,BANK,MATCHED,M018-0645ff91,false,false,,,
BNK-0000972,BANK,BANK,MATCHED,M011-4476820f,false,false,,,
BNK-0000973,BANK,BANK,MATCHED,M013-e8f16b5f,false,false,,,
BNK-0000974,BANK,BANK,MATCHED,M019-398fe37c,false,false,,,
BNK-0000975,BANK,BANK,MATCHED,M019-56e17ae7,false,false,,,
BNK-0000976,BANK,BANK,MATCHED,M020-dabf59c3,false,false,,,
BNK-0000977,BANK,BANK,MATCHED,M001-303d448d,false,false,,,
BNK-0000978,BANK,BANK,MATCHED,M009-a1267fca,false,false,,,
BNK-0000979,BANK,BANK,MATCHED,M007-a4abcce7,false,false,,,
BNK-0000980,BANK,BANK,MATCHED,M010-ca91e6ec,false,false,,,
BNK-0000981,BANK,BANK,MATCHED,M008-ad92820e,false,false,,,
BNK-0000982,BANK,BANK,MATCHED,M006-d854e2ec,false,false,,,
BNK-0000983,BANK,BANK,MATCHED,M001-64a66fb1,false,false,,,
BNK-0000984,BANK,BANK,MATCHED,M021-337fb21e,false,false,TRAP-000,ONE_TO_ONE_STABLE,
BNK-0000985,BANK,BANK,MATCHED,M021-ad7b5ccd,false,false,TRAP-000,ONE_TO_ONE_STABLE,
BNK-0000986,BANK,BANK,MATCHED,M022-ff80168e,false,false,TRAP-001,ONE_TO_ONE_STABLE,
BNK-0000987,BANK,BANK,MATCHED,M022-832deac3,false,false,TRAP-001,ONE_TO_ONE_STABLE,
BNK-0000988,BANK,BANK,MATCHED,M021-4bc436a4,false,false,TRAP-002,ONE_TO_ONE_STABLE,
BNK-0000989,BANK,BANK,MATCHED,M021-189c0be4,false,false,TRAP-002,ONE_TO_ONE_STABLE,
BNK-0000990,BANK,BANK,MATCHED,M022-7793d77e,false,false,TRAP-003,ONE_TO_ONE_STABLE,
BNK-0000991,BANK,BANK,MATCHED,M022-96ba9319,false,false,TRAP-003,ONE_TO_ONE_STABLE,
BNK-0000992,BANK,BANK,MATCHED,M023-3f49a3e2,true,false,,,DENSE-00
BNK-0000993,BANK,BANK,MATCHED,M023-80710f37,true,false,,,DENSE-00
BNK-0000994,BANK,BANK,MATCHED,M023-27d0ccbf,true,false,,,DENSE-00
BNK-0000995,BANK,BANK,MATCHED,M023-e52d76e5,true,false,,,DENSE-00
BNK-0000996,BANK,BANK,MATCHED,M023-9a044216,true,false,,,DENSE-00
BNK-0000997,BANK,BANK,MATCHED,M023-69b20104,true,false,,,DENSE-00
BNK-0000998,BANK,BANK,MATCHED,M023-3bfea050,true,true,,,DENSE-00
BNK-0000999,BANK,BANK,MATCHED,M023-c21d48f7,true,true,,,DENSE-00
INT-0000000,INTERNAL,BANK,MATCHED,M011-123b1612,false,false,,,
INT-0000000,INTERNAL,PROCESSOR,MATCHED,M011-123b1612,false,false,,,
INT-0000001,INTERNAL,BANK,MATCHED,M003-d1371c17,false,false,,,
INT-0000001,INTERNAL,PROCESSOR,AMOUNT_MISMATCH,M003-d1371c17,false,false,,,
INT-0000002,INTERNAL,BANK,MATCHED,M014-9536b321,false,false,,,
INT-0000002,INTERNAL,PROCESSOR,MATCHED,M014-9536b321,false,false,,,
INT-0000003,INTERNAL,BANK,MATCHED,M016-eeb97572,false,false,,,
INT-0000003,INTERNAL,PROCESSOR,MATCHED,M016-eeb97572,false,false,,,
INT-0000004,INTERNAL,BANK,MATCHED,M017-e923d5a4,false,false,,,
INT-0000004,INTERNAL,PROCESSOR,MATCHED,M017-e923d5a4,false,false,,,
INT-0000005,INTERNAL,BANK,MATCHED,M014-aabfe228,false,false,,,
INT-0000005,INTERNAL,PROCESSOR,MATCHED,M014-aabfe228,false,false,,,
INT-0000006,INTERNAL,BANK,MATCHED,M003-e9cb0eb5,false,false,,,
INT-0000006,INTERNAL,PROCESSOR,MATCHED,M003-e9cb0eb5,false,false,,,
INT-0000007,INTERNAL,BANK,MATCHED,M016-47ccf25e,false,false,,,
INT-0000007,INTERNAL,PROCESSOR,MATCHED,M016-47ccf25e,false,false,,,
INT-0000008,INTERNAL,BANK,MATCHED,M009-8dbc7425,false,false,,,
INT-0000008,INTERNAL,PROCESSOR,MATCHED,M009-8dbc7425,false,false,,,
INT-0000009,INTERNAL,BANK,MATCHED,M008-58904dba,false,false,,,
INT-0000009,INTERNAL,PROCESSOR,MATCHED,M008-58904dba,false,false,,,
INT-0000010,INTERNAL,BANK,MATCHED,M017-cccc3fc1,false,false,,,
INT-0000010,INTERNAL,PROCESSOR,MATCHED,M017-cccc3fc1,false,false,,,
INT-0000011,INTERNAL,BANK,MATCHED,M007-a13043b0,false,false,,,
INT-0000011,INTERNAL,PROCESSOR,MATCHED,M007-a13043b0,false,false,,,
INT-0000012,INTERNAL,BANK,MATCHED,M007-8bbf33fe,false,false,,,
INT-0000012,INTERNAL,PROCESSOR,MATCHED,M007-8bbf33fe,false,false,,,
INT-0000013,INTERNAL,BANK,MATCHED,M010-a8f506b4,false,false,,,
INT-0000013,INTERNAL,PROCESSOR,MATCHED,M010-a8f506b4,false,false,,,
INT-0000014,INTERNAL,BANK,MATCHED,M001-8b5b7a76,false,false,,,
INT-0000014,INTERNAL,PROCESSOR,MATCHED,M001-8b5b7a76,false,false,,,
INT-0000015,INTERNAL,BANK,MATCHED,M013-fb008f86,false,false,,,
INT-0000015,INTERNAL,PROCESSOR,MATCHED,M013-fb008f86,false,false,,,
INT-0000016,INTERNAL,BANK,MATCHED,M012-b2737f6a,false,false,,,
INT-0000016,INTERNAL,PROCESSOR,MATCHED,M012-b2737f6a,false,false,,,
INT-0000017,INTERNAL,BANK,MATCHED,M020-b23c6f5d,false,false,,,
INT-0000017,INTERNAL,PROCESSOR,MATCHED,M020-b23c6f5d,false,false,,,
INT-0000018,INTERNAL,BANK,MATCHED,M011-ec255404,false,false,,,
INT-0000018,INTERNAL,PROCESSOR,MATCHED,M011-ec255404,false,false,,,
INT-0000019,INTERNAL,BANK,MATCHED,M015-fb440034,false,false,,,
INT-0000019,INTERNAL,PROCESSOR,MATCHED,M015-fb440034,false,false,,,
INT-0000020,INTERNAL,BANK,MATCHED,M007-697a8d41,false,false,,,
INT-0000020,INTERNAL,PROCESSOR,MATCHED,M007-697a8d41,false,false,,,
INT-0000021,INTERNAL,BANK,MATCHED,M012-d440e504,false,false,,,
INT-0000021,INTERNAL,PROCESSOR,MATCHED,M012-d440e504,false,false,,,
INT-0000022,INTERNAL,BANK,MATCHED,M016-af317681,false,false,,,
INT-0000022,INTERNAL,PROCESSOR,MATCHED,M016-af317681,false,false,,,
INT-0000023,INTERNAL,BANK,MATCHED,M017-2ea68ef7,false,false,,,
INT-0000023,INTERNAL,PROCESSOR,MATCHED,M017-2ea68ef7,false,false,,,
INT-0000024,INTERNAL,BANK,MATCHED,M009-4d3cea27,false,false,,,
INT-0000024,INTERNAL,PROCESSOR,MATCHED,M009-4d3cea27,false,false,,,
INT-0000025,INTERNAL,BANK,MATCHED,M007-4b484e73,false,false,,,
INT-0000025,INTERNAL,PROCESSOR,MATCHED,M007-4b484e73,false,false,,,
INT-0000026,INTERNAL,BANK,TIMING_DIFFERENCE,M016-5dcad6ba,false,false,,,
INT-0000026,INTERNAL,PROCESSOR,MATCHED,M016-5dcad6ba,false,false,,,
INT-0000027,INTERNAL,BANK,MATCHED,M001-e0ca9237,false,false,,,
INT-0000027,INTERNAL,PROCESSOR,MATCHED,M001-e0ca9237,false,false,,,
INT-0000028,INTERNAL,BANK,MATCHED,M004-1584d8c4,false,false,,,
INT-0000028,INTERNAL,PROCESSOR,MATCHED,M004-1584d8c4,false,false,,,
INT-0000029,INTERNAL,BANK,MATCHED,M017-2815d280,false,false,,,
INT-0000029,INTERNAL,PROCESSOR,MATCHED,M017-2815d280,false,false,,,
INT-0000030,INTERNAL,BANK,MATCHED,M009-283e0ad8,false,false,,,
INT-0000030,INTERNAL,PROCESSOR,MATCHED,M009-283e0ad8,false,false,,,
INT-0000031,INTERNAL,BANK,MATCHED,M002-58156996,false,false,,,
INT-0000031,INTERNAL,PROCESSOR,MATCHED,M002-58156996,false,false,,,
INT-0000032,INTERNAL,BANK,MATCHED,M017-081006f7,false,false,,,
INT-0000032,INTERNAL,PROCESSOR,MATCHED,M017-081006f7,false,false,,,
INT-0000033,INTERNAL,BANK,MATCHED,M004-c967a64c,false,false,,,
INT-0000033,INTERNAL,PROCESSOR,MATCHED,M004-c967a64c,false,false,,,
INT-0000034,INTERNAL,BANK,MATCHED,M002-8d512c97,false,false,,,
INT-0000034,INTERNAL,PROCESSOR,MATCHED,M002-8d512c97,false,false,,,
INT-0000035,INTERNAL,BANK,MATCHED,M002-8e08baa7,false,false,,,
INT-0000035,INTERNAL,PROCESSOR,AMOUNT_MISMATCH,M002-8e08baa7,false,false,,,
INT-0000036,INTERNAL,BANK,MATCHED,M012-c2f86702,false,false,,,
INT-0000036,INTERNAL,PROCESSOR,MATCHED,M012-c2f86702,false,false,,,
INT-0000037,INTERNAL,BANK,MATCHED,M003-1c099724,false,false,,,
INT-0000037,INTERNAL,PROCESSOR,MATCHED,M003-1c099724,false,false,,,
INT-0000038,INTERNAL,BANK,MATCHED,M020-f4941d40,false,false,,,
INT-0000038,INTERNAL,PROCESSOR,MATCHED,M020-f4941d40,false,false,,,
INT-0000039,INTERNAL,BANK,MATCHED,M019-14b3ce10,false,false,,,
INT-0000039,INTERNAL,PROCESSOR,MATCHED,M019-14b3ce10,false,false,,,
INT-0000040,INTERNAL,BANK,MATCHED,M008-e222f828,false,false,,,
INT-0000040,INTERNAL,PROCESSOR,MATCHED,M008-e222f828,false,false,,,
INT-0000041,INTERNAL,BANK,MATCHED,M007-efc2f916,false,false,,,
INT-0000041,INTERNAL,PROCESSOR,MATCHED,M007-efc2f916,false,false,,,
INT-0000042,INTERNAL,BANK,MATCHED,M005-940f1f83,false,false,,,
INT-0000042,INTERNAL,PROCESSOR,MATCHED,M005-940f1f83,false,false,,,
INT-0000043,INTERNAL,BANK,MATCHED,M016-9eee3692,false,false,,,
INT-0000043,INTERNAL,PROCESSOR,MATCHED,M016-9eee3692,false,false,,,
INT-0000044,INTERNAL,BANK,MATCHED,M001-e8c66224,false,false,,,
INT-0000044,INTERNAL,PROCESSOR,MATCHED,M001-e8c66224,false,false,,,
INT-0000045,INTERNAL,BANK,MATCHED,M009-83b7ffc0,false,false,,,
INT-0000045,INTERNAL,PROCESSOR,MATCHED,M009-83b7ffc0,false,false,,,
INT-0000046,INTERNAL,BANK,MATCHED,M016-4dbca3a0,false,false,,,
INT-0000046,INTERNAL,PROCESSOR,MATCHED,M016-4dbca3a0,false,false,,,
INT-0000047,INTERNAL,BANK,MATCHED,M011-098b2cc2,false,false,,,
INT-0000047,INTERNAL,PROCESSOR,MATCHED,M011-098b2cc2,false,false,,,
INT-0000048,INTERNAL,BANK,MATCHED,M014-8319478d,false,false,,,
INT-0000048,INTERNAL,PROCESSOR,MATCHED,M014-8319478d,false,false,,,
INT-0000049,INTERNAL,BANK,MATCHED,M007-0c621de4,false,false,,,
INT-0000049,INTERNAL,PROCESSOR,MATCHED,M007-0c621de4,false,false,,,
INT-0000050,INTERNAL,BANK,MATCHED,M010-45fda998,false,false,,,
INT-0000050,INTERNAL,PROCESSOR,MATCHED,M010-45fda998,false,false,,,
INT-0000051,INTERNAL,BANK,MATCHED,M009-9fc35526,false,false,,,
INT-0000051,INTERNAL,PROCESSOR,MATCHED,M009-9fc35526,false,false,,,
INT-0000052,INTERNAL,BANK,MATCHED,M016-ed46725a,false,false,,,
INT-0000052,INTERNAL,PROCESSOR,MATCHED,M016-ed46725a,false,false,,,
INT-0000053,INTERNAL,BANK,MATCHED,M011-60dcd6c8,false,false,,,
INT-0000053,INTERNAL,PROCESSOR,MATCHED,M011-60dcd6c8,false,false,,,
INT-0000054,INTERNAL,BANK,MATCHED,M002-b46287cc,false,false,,,
INT-0000054,INTERNAL,PROCESSOR,MATCHED,M002-b46287cc,false,false,,,
INT-0000055,INTERNAL,BANK,MATCHED,M014-41dff02c,false,false,,,
INT-0000055,INTERNAL,PROCESSOR,MATCHED,M014-41dff02c,false,false,,,
INT-0000056,INTERNAL,BANK,MATCHED,M017-37443e21,false,false,,,
INT-0000056,INTERNAL,PROCESSOR,AMOUNT_MISMATCH,M017-37443e21,false,false,,,
INT-0000057,INTERNAL,BANK,MATCHED,M019-48d33296,false,false,,,
INT-0000057,INTERNAL,PROCESSOR,MATCHED,M019-48d33296,false,false,,,
INT-0000058,INTERNAL,BANK,MATCHED,M008-9e8a7f77,false,false,,,
INT-0000058,INTERNAL,PROCESSOR,AMOUNT_MISMATCH,M008-9e8a7f77,false,false,,,
INT-0000059,INTERNAL,BANK,MATCHED,M002-d287db7f,false,false,,,
INT-0000059,INTERNAL,PROCESSOR,AMOUNT_MISMATCH,M002-d287db7f,false,false,,,
INT-0000060,INTERNAL,BANK,MATCHED,M012-926f6967,false,false,,,
INT-0000060,INTERNAL,PROCESSOR,MATCHED,M012-926f6967,false,false,,,
INT-0000061,INTERNAL,BANK,MATCHED,M009-f57fd14c,false,false,,,
INT-0000061,INTERNAL,PROCESSOR,MISSING_IN_PROCESSOR,M009-f57fd14c,false,false,,,
INT-0000062,INTERNAL,BANK,MATCHED,M001-15cea325,false,false,,,
INT-0000062,INTERNAL,PROCESSOR,MATCHED,M001-15cea325,false,false,,,
INT-0000063,INTERNAL,BANK,MATCHED,M006-cbae5302,false,false,,,
INT-0000063,INTERNAL,PROCESSOR,MATCHED,M006-cbae5302,false,false,,,
INT-0000064,INTERNAL,BANK,MATCHED,M012-6cb9d21f,false,false,,,
INT-0000064,INTERNAL,PROCESSOR,MATCHED,M012-6cb9d21f,false,false,,,
INT-0000065,INTERNAL,BANK,MATCHED,M018-bf0d7c1c,false,false,,,
INT-0000065,INTERNAL,PROCESSOR,AMOUNT_MISMATCH,M018-bf0d7c1c,false,false,,,
INT-0000066,INTERNAL,BANK,MATCHED,M009-ab8a18a8,false,false,,,
INT-0000066,INTERNAL,PROCESSOR,MATCHED,M009-ab8a18a8,false,false,,,
INT-0000067,INTERNAL,BANK,MATCHED,M020-3fec8df4,false,false,,,
INT-0000067,INTERNAL,PROCESSOR,MATCHED,M020-3fec8df4,false,false,,,
INT-0000068,INTERNAL,BANK,MATCHED,M006-47aaeb26,false,false,,,
INT-0000068,INTERNAL,PROCESSOR,MATCHED,M006-47aaeb26,false,false,,,
INT-0000069,INTERNAL,BANK,MATCHED,M006-1fa5d328,false,false,,,
INT-0000069,INTERNAL,PROCESSOR,MATCHED,M006-1fa5d328,false,false,,,
INT-0000070,INTERNAL,BANK,MATCHED,M007-e574de73,false,false,,,
INT-0000070,INTERNAL,PROCESSOR,MATCHED,M007-e574de73,false,false,,,
INT-0000071,INTERNAL,BANK,MATCHED,M010-8b886e75,false,false,,,
INT-0000071,INTERNAL,PROCESSOR,MATCHED,M010-8b886e75,false,false,,,
INT-0000072,INTERNAL,BANK,MATCHED,M005-6a2c8773,false,false,,,
INT-0000072,INTERNAL,PROCESSOR,MATCHED,M005-6a2c8773,false,false,,,
INT-0000073,INTERNAL,BANK,MATCHED,M002-7eb19731,false,false,,,
INT-0000073,INTERNAL,PROCESSOR,MATCHED,M002-7eb19731,false,false,,,
INT-0000074,INTERNAL,BANK,MATCHED,M019-b5e803b6,false,false,,,
INT-0000074,INTERNAL,PROCESSOR,AMOUNT_MISMATCH,M019-b5e803b6,false,false,,,
INT-0000075,INTERNAL,BANK,MATCHED,M002-60adb592,false,false,,,
INT-0000075,INTERNAL,PROCESSOR,MATCHED,M002-60adb592,false,false,,,
INT-0000076,INTERNAL,BANK,MATCHED,M016-3c425c8d,false,false,,,
INT-0000076,INTERNAL,PROCESSOR,MATCHED,M016-3c425c8d,false,false,,,
INT-0000077,INTERNAL,BANK,MATCHED,M010-bdd0b6cc,false,false,,,
INT-0000077,INTERNAL,PROCESSOR,MATCHED,M010-bdd0b6cc,false,false,,,
INT-0000078,INTERNAL,BANK,MATCHED,M001-d32cbe54,false,false,,,
INT-0000078,INTERNAL,PROCESSOR,AMOUNT_MISMATCH,M001-d32cbe54,false,false,,,
INT-0000079,INTERNAL,BANK,TIMING_DIFFERENCE,M013-b54b9552,false,false,,,
INT-0000079,INTERNAL,PROCESSOR,MATCHED,M013-b54b9552,false,false,,,
INT-0000080,INTERNAL,BANK,MATCHED,M007-fa1c257c,false,false,,,
INT-0000080,INTERNAL,PROCESSOR,MATCHED,M007-fa1c257c,false,false,,,
INT-0000081,INTERNAL,BANK,MATCHED,M007-61c5cb34,false,false,,,
INT-0000081,INTERNAL,PROCESSOR,MATCHED,M007-61c5cb34,false,false,,,
INT-0000082,INTERNAL,BANK,MATCHED,M007-1a3ce9d9,false,false,,,
INT-0000082,INTERNAL,PROCESSOR,MATCHED,M007-1a3ce9d9,false,false,,,
INT-0000083,INTERNAL,BANK,MATCHED,M014-ee500fe7,false,false,,,
INT-0000083,INTERNAL,PROCESSOR,MATCHED,M014-ee500fe7,false,false,,,
INT-0000084,INTERNAL,BANK,TIMING_DIFFERENCE,M020-fc324bdb,false,false,,,
INT-0000084,INTERNAL,PROCESSOR,MATCHED,M020-fc324bdb,false,false,,,
INT-0000085,INTERNAL,BANK,MATCHED,M017-42a21c40,false,false,,,
INT-0000085,INTERNAL,PROCESSOR,MATCHED,M017-42a21c40,false,false,,,
INT-0000086,INTERNAL,BANK,MATCHED,M020-f9572b85,false,false,,,
INT-0000086,INTERNAL,PROCESSOR,MATCHED,M020-f9572b85,false,false,,,
INT-0000087,INTERNAL,BANK,MATCHED,M020-48f687ab,false,false,,,
INT-0000087,INTERNAL,PROCESSOR,AMOUNT_MISMATCH,M020-48f687ab,false,false,,,
INT-0000088,INTERNAL,BANK,MATCHED,M006-c5831be3,false,false,,,
INT-0000088,INTERNAL,PROCESSOR,MATCHED,M006-c5831be3,false,false,,,
INT-0000089,INTERNAL,BANK,MATCHED,M018-8cb4ba2e,false,false,,,
INT-0000089,INTERNAL,PROCESSOR,MATCHED,M018-8cb4ba2e,false,false,,,
INT-0000090,INTERNAL,BANK,MATCHED,M020-89a01749,false,false,,,
INT-0000090,INTERNAL,PROCESSOR,MATCHED,M020-89a01749,false,false,,,
INT-0000091,INTERNAL,BANK,MATCHED,M014-14f71010,false,false,,,
INT-0000091,INTERNAL,PROCESSOR,MATCHED,M014-14f71010,false,false,,,
INT-0000092,INTERNAL,BANK,MATCHED,M010-7d946bf5,false,false,,,
INT-0000092,INTERNAL,PROCESSOR,MATCHED,M010-7d946bf5,false,false,,,
INT-0000093,INTERNAL,BANK,MATCHED,M008-248c801b,false,false,,,
INT-0000093,INTERNAL,PROCESSOR,MATCHED,M008-248c801b,false,false,,,
INT-0000094,INTERNAL,BANK,MATCHED,M019-f750110c,false,false,,,
INT-0000094,INTERNAL,PROCESSOR,MATCHED,M019-f750110c,false,false,,,
INT-0000095,INTERNAL,BANK,MISSING_IN_BANK,M006-064d6d59,false,false,,,
INT-0000095,INTERNAL,PROCESSOR,MATCHED,M006-064d6d59,false,false,,,
INT-0000096,INTERNAL,BANK,MATCHED,M002-0cde2e57,false,false,,,
INT-0000096,INTERNAL,PROCESSOR,MATCHED,M002-0cde2e57,false,false,,,
INT-0000097,INTERNAL,BANK,MATCHED,M009-3a818d89,false,false,,,
INT-0000097,INTERNAL,PROCESSOR,MATCHED,M009-3a818d89,false,false,,,
INT-0000098,INTERNAL,BANK,MATCHED,M007-058765a6,false,false,,,
INT-0000098,INTERNAL,PROCESSOR,MATCHED,M007-058765a6,false,false,,,
INT-0000099,INTERNAL,BANK,MATCHED,M011-ff00d796,false,false,,,
INT-0000099,INTERNAL,PROCESSOR,MATCHED,M011-ff00d796,false,false,,,
INT-0000100,INTERNAL,BANK,MATCHED,M019-410335b4,false,false,,,
INT-0000100,INTERNAL,PROCESSOR,MATCHED,M019-410335b4,false,false,,,
INT-0000101,INTERNAL,BANK,TIMING_DIFFERENCE,M001-1212b62c,false,false,,,
INT-0000101,INTERNAL,PROCESSOR,MATCHED,M001-1212b62c,false,false,,,
INT-0000102,INTERNAL,BANK,MATCHED,M007-29f34369,false,false,,,
INT-0000102,INTERNAL,PROCESSOR,MATCHED,M007-29f34369,false,false,,,
INT-0000103,INTERNAL,BANK,MATCHED,M014-891baf90,false,false,,,
INT-0000103,INTERNAL,PROCESSOR,MATCHED,M014-891baf90,false,false,,,
INT-0000104,INTERNAL,BANK,MATCHED,M001-bf16295d,false,false,,,
INT-0000104,INTERNAL,PROCESSOR,AMOUNT_MISMATCH,M001-bf16295d,false,false,,,
INT-0000105,INTERNAL,BANK,MATCHED,M002-3f5fb859,false,false,,,
INT-0000105,INTERNAL,PROCESSOR,MATCHED,M002-3f5fb859,false,false,,,
INT-0000106,INTERNAL,BANK,MATCHED,M008-2f3ab3cc,false,false,,,
INT-0000106,INTERNAL,PROCESSOR,MATCHED,M008-2f3ab3cc,false,false,,,
INT-0000107,INTERNAL,BANK,MATCHED,M003-0b698d5c,false,false,,,
INT-0000107,INTERNAL,PROCESSOR,MATCHED,M003-0b698d5c,false,false,,,
INT-0000108,INTERNAL,BANK,MATCHED,M008-1ba4ea5e,false,false,,,
INT-0000108,INTERNAL,PROCESSOR,MATCHED,M008-1ba4ea5e,false,false,,,
INT-0000109,INTERNAL,BANK,MATCHED,M009-e7689447,false,false,,,
INT-0000109,INTERNAL,PROCESSOR,MATCHED,M009-e7689447,false,false,,,
INT-0000110,INTERNAL,BANK,MATCHED,M020-a683536c,false,false,,,
INT-0000110,INTERNAL,PROCESSOR,MATCHED,M020-a683536c,false,false,,,
INT-0000111,INTERNAL,BANK,MATCHED,M005-d863386c,false,false,,,
INT-0000111,INTERNAL,PROCESSOR,MATCHED,M005-d863386c,false,false,,,
INT-0000112,INTERNAL,BANK,MATCHED,M001-79e048c0,false,false,,,
INT-0000112,INTERNAL,PROCESSOR,MATCHED,M001-79e048c0,false,false,,,
INT-0000113,INTERNAL,BANK,MATCHED,M014-753eda83,false,false,,,
INT-0000113,INTERNAL,PROCESSOR,MATCHED,M014-753eda83,false,false,,,
INT-0000114,INTERNAL,BANK,MATCHED,M008-58dfe0d5,false,false,,,
INT-0000114,INTERNAL,PROCESSOR,MATCHED,M008-58dfe0d5,false,false,,,
INT-0000115,INTERNAL,BANK,MATCHED,M011-318656b3,false,false,,,
INT-0000115,INTERNAL,PROCESSOR,MATCHED,M011-318656b3,false,false,,,
INT-0000116,INTERNAL,BANK,MATCHED,M015-0bade65c,false,false,,,
INT-0000116,INTERNAL,PROCESSOR,MATCHED,M015-0bade65c,false,false,,,
INT-0000117,INTERNAL,BANK,MATCHED,M004-88cc102d,false,false,,,
INT-0000117,INTERNAL,PROCESSOR,MATCHED,M004-88cc102d,false,false,,,
INT-0000118,INTERNAL,BANK,MATCHED,M012-9c7ce654,false,false,,,
INT-0000118,INTERNAL,PROCESSOR,MATCHED,M012-9c7ce654,false,false,,,
INT-0000119,INTERNAL,BANK,MATCHED,M003-74bde94f,false,false,,,
INT-0000119,INTERNAL,PROCESSOR,MATCHED,M003-74bde94f,false,false,,,
INT-0000120,INTERNAL,BANK,MATCHED,M008-8d5f08b7,false,false,,,
INT-0000120,INTERNAL,PROCESSOR,MATCHED,M008-8d5f08b7,false,false,,,
INT-0000121,INTERNAL,BANK,MATCHED,M011-2b49c12a,false,false,,,
INT-0000121,INTERNAL,PROCESSOR,MATCHED,M011-2b49c12a,false,false,,,
INT-0000122,INTERNAL,BANK,MATCHED,M005-00629834,false,false,,,
INT-0000122,INTERNAL,PROCESSOR,MATCHED,M005-00629834,false,false,,,
INT-0000123,INTERNAL,BANK,MATCHED,M006-6c5296f6,false,false,,,
INT-0000123,INTERNAL,PROCESSOR,MATCHED,M006-6c5296f6,false,false,,,
INT-0000124,INTERNAL,BANK,MATCHED,M015-8d74ff1f,false,false,,,
INT-0000124,INTERNAL,PROCESSOR,MATCHED,M015-8d74ff1f,false,false,,,
INT-0000125,INTERNAL,BANK,MATCHED,M005-505aef9e,false,false,,,
INT-0000125,INTERNAL,PROCESSOR,MATCHED,M005-505aef9e,false,false,,,
INT-0000126,INTERNAL,BANK,MATCHED,M014-b001a3ff,false,false,,,
INT-0000126,INTERNAL,PROCESSOR,MATCHED,M014-b001a3ff,false,false,,,
INT-0000127,INTERNAL,BANK,MATCHED,M005-4a3baf69,false,false,,,
INT-0000127,INTERNAL,PROCESSOR,MATCHED,M005-4a3baf69,false,false,,,
INT-0000128,INTERNAL,BANK,MATCHED,M014-99bfca8b,false,false,,,
INT-0000128,INTERNAL,PROCESSOR,MATCHED,M014-99bfca8b,false,false,,,
INT-0000129,INTERNAL,BANK,MATCHED,M016-a9421cc1,false,false,,,
INT-0000129,INTERNAL,PROCESSOR,MATCHED,M016-a9421cc1,false,false,,,
INT-0000130,INTERNAL,BANK,MATCHED,M004-f1c4261e,false,false,,,
INT-0000130,INTERNAL,PROCESSOR,MATCHED,M004-f1c4261e,false,false,,,
INT-0000131,INTERNAL,BANK,MATCHED,M006-1d30b498,false,false,,,
INT-0000131,INTERNAL,PROCESSOR,MATCHED,M006-1d30b498,false,false,,,
INT-0000132,INTERNAL,BANK,MATCHED,M006-0d1f13dc,false,false,,,
INT-0000132,INTERNAL,PROCESSOR,MATCHED,M006-0d1f13dc,false,false,,,
INT-0000133,INTERNAL,BANK,MATCHED,M001-4fd32f64,false,false,,,
INT-0000133,INTERNAL,PROCESSOR,MATCHED,M001-4fd32f64,false,false,,,
INT-0000134,INTERNAL,BANK,MATCHED,M014-2634f087,false,false,,,
INT-0000134,INTERNAL,PROCESSOR,MATCHED,M014-2634f087,false,false,,,
INT-0000135,INTERNAL,BANK,MISSING_IN_BANK,M006-29fe8110,false,false,,,
INT-0000135,INTERNAL,PROCESSOR,MATCHED,M006-29fe8110,false,false,,,
INT-0000136,INTERNAL,BANK,MATCHED,M020-95f1abef,false,false,,,
INT-0000136,INTERNAL,PROCESSOR,MATCHED,M020-95f1abef,false,false,,,
INT-0000137,INTERNAL,BANK,MATCHED,M005-5dfce8a9,false,false,,,
INT-0000137,INTERNAL,PROCESSOR,MATCHED,M005-5dfce8a9,false,false,,,
INT-0000138,INTERNAL,BANK,MATCHED,M020-049d7ccc,false,false,,,
INT-0000138,INTERNAL,PROCESSOR,MATCHED,M020-049d7ccc,false,false,,,
INT-0000139,INTERNAL,BANK,MATCHED,M008-a88d5194,false,false,,,
INT-0000139,INTERNAL,PROCESSOR,MATCHED,M008-a88d5194,false,false,,,
INT-0000140,INTERNAL,BANK,MATCHED,M019-fb2fc679,false,false,,,
INT-0000140,INTERNAL,PROCESSOR,MATCHED,M019-fb2fc679,false,false,,,
INT-0000141,INTERNAL,BANK,MATCHED,M013-80ce2b27,false,false,,,
INT-0000141,INTERNAL,PROCESSOR,MATCHED,M013-80ce2b27,false,false,,,
INT-0000142,INTERNAL,BANK,MATCHED,M017-af666625,false,false,,,
INT-0000142,INTERNAL,PROCESSOR,MATCHED,M017-af666625,false,false,,,
INT-0000143,INTERNAL,BANK,MATCHED,M010-bc471fb3,false,false,,,
INT-0000143,INTERNAL,PROCESSOR,MATCHED,M010-bc471fb3,false,false,,,
INT-0000144,INTERNAL,BANK,MATCHED,M015-0b80316f,false,false,,,
INT-0000144,INTERNAL,PROCESSOR,MATCHED,M015-0b80316f,false,false,,,
INT-0000145,INTERNAL,BANK,MATCHED,M007-d3e481a6,false,false,,,
INT-0000145,INTERNAL,PROCESSOR,MATCHED,M007-d3e481a6,false,false,,,
INT-0000146,INTERNAL,BANK,MATCHED,M013-1bef2c32,false,false,,,
INT-0000146,INTERNAL,PROCESSOR,MATCHED,M013-1bef2c32,false,false,,,
INT-0000147,INTERNAL,BANK,MATCHED,M019-c5e5b775,false,false,,,
INT-0000147,INTERNAL,PROCESSOR,AMOUNT_MISMATCH,M019-c5e5b775,false,false,,,
INT-0000148,INTERNAL,BANK,MATCHED,M002-8f134a06,false,false,,,
INT-0000148,INTERNAL,PROCESSOR,MATCHED,M002-8f134a06,false,false,,,
INT-0000149,INTERNAL,BANK,MATCHED,M010-3fab8c3b,false,false,,,
INT-0000149,INTERNAL,PROCESSOR,MATCHED,M010-3fab8c3b,false,false,,,
INT-0000150,INTERNAL,BANK,MATCHED,M006-0e61572b,false,false,,,
INT-0000150,INTERNAL,PROCESSOR,MATCHED,M006-0e61572b,false,false,,,
INT-0000151,INTERNAL,BANK,MATCHED,M005-02eaa7f3,false,false,,,
INT-0000151,INTERNAL,PROCESSOR,MATCHED,M005-02eaa7f3,false,false,,,
INT-0000152,INTERNAL,BANK,MATCHED,M005-5e4e48dd,false,false,,,
INT-0000152,INTERNAL,PROCESSOR,MATCHED,M005-5e4e48dd,false,false,,,
INT-0000153,INTERNAL,BANK,MATCHED,M001-a58f3aef,false,false,,,
INT-0000153,INTERNAL,PROCESSOR,MATCHED,M001-a58f3aef,false,false,,,
INT-0000154,INTERNAL,BANK,MATCHED,M017-f9386bd8,false,false,,,
INT-0000154,INTERNAL,PROCESSOR,MATCHED,M017-f9386bd8,false,false,,,
INT-0000155,INTERNAL,BANK,MATCHED,M008-d51940ea,false,false,,,
INT-0000155,INTERNAL,PROCESSOR,MATCHED,M008-d51940ea,false,false,,,
INT-0000156,INTERNAL,BANK,MATCHED,M015-95bd1d68,false,false,,,
INT-0000156,INTERNAL,PROCESSOR,MATCHED,M015-95bd1d68,false,false,,,
INT-0000157,INTERNAL,BANK,MATCHED,M005-5622f856,false,false,,,
INT-0000157,INTERNAL,PROCESSOR,MATCHED,M005-5622f856,false,false,,,
INT-0000158,INTERNAL,BANK,MATCHED,M007-2d1ba9f2,false,false,,,
INT-0000158,INTERNAL,PROCESSOR,AMOUNT_MISMATCH,M007-2d1ba9f2,false,false,,,
INT-0000159,INTERNAL,BANK,MATCHED,M009-b15b0be2,false,false,,,
INT-0000159,INTERNAL,PROCESSOR,MATCHED,M009-b15b0be2,false,false,,,
INT-0000160,INTERNAL,BANK,MATCHED,M008-193fe040,false,false,,,
INT-0000160,INTERNAL,PROCESSOR,MATCHED,M008-193fe040,false,false,,,
INT-0000161,INTERNAL,BANK,MATCHED,M003-53980036,false,false,,,
INT-0000161,INTERNAL,PROCESSOR,MATCHED,M003-53980036,false,false,,,
INT-0000162,INTERNAL,BANK,MATCHED,M020-e3b35183,false,false,,,
INT-0000162,INTERNAL,PROCESSOR,MATCHED,M020-e3b35183,false,false,,,
INT-0000163,INTERNAL,BANK,MATCHED,M019-3c4774ec,false,false,,,
INT-0000163,INTERNAL,PROCESSOR,MATCHED,M019-3c4774ec,false,false,,,
INT-0000164,INTERNAL,BANK,MATCHED,M001-1c1bac7a,false,false,,,
INT-0000164,INTERNAL,PROCESSOR,MATCHED,M001-1c1bac7a,false,false,,,
INT-0000165,INTERNAL,BANK,TIMING_DIFFERENCE,M019-1a4b7d0b,false,false,,,
INT-0000165,INTERNAL,PROCESSOR,MATCHED,M019-1a4b7d0b,false,false,,,
INT-0000166,INTERNAL,BANK,MATCHED,M003-074dce11,false,false,,,
INT-0000166,INTERNAL,PROCESSOR,AMOUNT_MISMATCH,M003-074dce11,false,false,,,
INT-0000167,INTERNAL,BANK,MATCHED,M018-830d7193,false,false,,,
INT-0000167,INTERNAL,PROCESSOR,MATCHED,M018-830d7193,false,false,,,
INT-0000168,INTERNAL,BANK,MATCHED,M006-82e4e349,false,false,,,
INT-0000168,INTERNAL,PROCESSOR,MATCHED,M006-82e4e349,false,false,,,
INT-0000169,INTERNAL,BANK,MATCHED,M019-29e7c6be,false,false,,,
INT-0000169,INTERNAL,PROCESSOR,MATCHED,M019-29e7c6be,false,false,,,
INT-0000170,INTERNAL,BANK,MATCHED,M010-07a76cc0,false,false,,,
INT-0000170,INTERNAL,PROCESSOR,MATCHED,M010-07a76cc0,false,false,,,
INT-0000171,INTERNAL,BANK,MATCHED,M006-af896910,false,false,,,
INT-0000171,INTERNAL,PROCESSOR,MATCHED,M006-af896910,false,false,,,
INT-0000172,INTERNAL,BANK,MATCHED,M003-1ceb374d,false,false,,,
INT-0000172,INTERNAL,PROCESSOR,MATCHED,M003-1ceb374d,false,false,,,
INT-0000173,INTERNAL,BANK,MATCHED,M012-83f84d30,false,false,,,
INT-0000173,INTERNAL,PROCESSOR,MATCHED,M012-83f84d30,false,false,,,
INT-0000174,INTERNAL,BANK,MATCHED,M018-4d83cee9,false,false,,,
INT-0000174,INTERNAL,PROCESSOR,MATCHED,M018-4d83cee9,false,false,,,
INT-0000175,INTERNAL,BANK,MATCHED,M010-ca0fce95,false,false,,,
INT-0000175,INTERNAL,PROCESSOR,MATCHED,M010-ca0fce95,false,false,,,
INT-0000176,INTERNAL,BANK,MATCHED,M005-72aa7a6d,false,false,,,
INT-0000176,INTERNAL,PROCESSOR,MATCHED,M005-72aa7a6d,false,false,,,
INT-0000177,INTERNAL,BANK,MATCHED,M001-f99ddceb,false,false,,,
INT-0000177,INTERNAL,PROCESSOR,AMOUNT_MISMATCH,M001-f99ddceb,false,false,,,
INT-0000178,INTERNAL,BANK,MATCHED,M001-3dbc46df,false,false,,,
INT-0000178,INTERNAL,PROCESSOR,MATCHED,M001-3dbc46df,false,false,,,
INT-0000179,INTERNAL,BANK,MATCHED,M020-25bab295,false,false,,,
INT-0000179,INTERNAL,PROCESSOR,MATCHED,M020-25bab295,false,false,,,
INT-0000180,INTERNAL,BANK,MATCHED,M010-d5966d51,false,false,,,
INT-0000180,INTERNAL,PROCESSOR,MATCHED,M010-d5966d51,false,false,,,
INT-0000181,INTERNAL,BANK,MATCHED,M020-1d00909c,false,false,,,
INT-0000181,INTERNAL,PROCESSOR,MATCHED,M020-1d00909c,false,false,,,
INT-0000182,INTERNAL,BANK,MATCHED,M019-65f846d3,false,false,,,
INT-0000182,INTERNAL,PROCESSOR,MATCHED,M019-65f846d3,false,false,,,
INT-0000183,INTERNAL,BANK,MATCHED,M017-25fed10a,false,false,,,
INT-0000183,INTERNAL,PROCESSOR,MATCHED,M017-25fed10a,false,false,,,
INT-0000184,INTERNAL,BANK,MATCHED,M008-1832b6ec,false,false,,,
INT-0000184,INTERNAL,PROCESSOR,AMOUNT_MISMATCH,M008-1832b6ec,false,false,,,
INT-0000185,INTERNAL,BANK,MATCHED,M019-777155a0,false,false,,,
INT-0000185,INTERNAL,PROCESSOR,MATCHED,M019-777155a0,false,false,,,
INT-0000186,INTERNAL,BANK,MATCHED,M015-8f27c7d9,false,false,,,
INT-0000186,INTERNAL,PROCESSOR,MATCHED,M015-8f27c7d9,false,false,,,
INT-0000187,INTERNAL,BANK,MATCHED,M016-255bc509,false,false,,,
INT-0000187,INTERNAL,PROCESSOR,MATCHED,M016-255bc509,false,false,,,
INT-0000188,INTERNAL,BANK,MATCHED,M012-cac23db7,false,false,,,
INT-0000188,INTERNAL,PROCESSOR,MATCHED,M012-cac23db7,false,false,,,
INT-0000189,INTERNAL,BANK,TIMING_DIFFERENCE,M015-d180a474,false,false,,,
INT-0000189,INTERNAL,PROCESSOR,MATCHED,M015-d180a474,false,false,,,
INT-0000190,INTERNAL,BANK,MATCHED,M018-e75bb6cc,false,false,,,
INT-0000190,INTERNAL,PROCESSOR,MATCHED,M018-e75bb6cc,false,false,,,
INT-0000191,INTERNAL,BANK,MATCHED,M019-67e48eb7,false,false,,,
INT-0000191,INTERNAL,PROCESSOR,MATCHED,M019-67e48eb7,false,false,,,
INT-0000192,INTERNAL,BANK,MATCHED,M017-28c0490c,false,false,,,
INT-0000192,INTERNAL,PROCESSOR,MATCHED,M017-28c0490c,false,false,,,
INT-0000193,INTERNAL,BANK,MATCHED,M006-32b96292,false,false,,,
INT-0000193,INTERNAL,PROCESSOR,MATCHED,M006-32b96292,false,false,,,
INT-0000194,INTERNAL,BANK,MATCHED,M005-ce4850bb,false,false,,,
INT-0000194,INTERNAL,PROCESSOR,MATCHED,M005-ce4850bb,false,false,,,
INT-0000195,INTERNAL,BANK,MATCHED,M001-b3593871,false,false,,,
INT-0000195,INTERNAL,PROCESSOR,MATCHED,M001-b3593871,false,false,,,
INT-0000196,INTERNAL,BANK,MATCHED,M020-94c1957f,false,false,,,
INT-0000196,INTERNAL,PROCESSOR,MATCHED,M020-94c1957f,false,false,,,
INT-0000197,INTERNAL,BANK,MATCHED,M009-b0391173,false,false,,,
INT-0000197,INTERNAL,PROCESSOR,AMOUNT_MISMATCH,M009-b0391173,false,false,,,
INT-0000198,INTERNAL,BANK,MATCHED,M012-782bdeae,false,false,,,
INT-0000198,INTERNAL,PROCESSOR,MATCHED,M012-782bdeae,false,false,,,
INT-0000199,INTERNAL,BANK,MATCHED,M007-4f618557,false,false,,,
INT-0000199,INTERNAL,PROCESSOR,MATCHED,M007-4f618557,false,false,,,
INT-0000200,INTERNAL,BANK,MATCHED,M008-bd26944f,false,false,,,
INT-0000200,INTERNAL,PROCESSOR,MATCHED,M008-bd26944f,false,false,,,
INT-0000201,INTERNAL,BANK,MATCHED,M008-e4b9447a,false,false,,,
INT-0000201,INTERNAL,PROCESSOR,MATCHED,M008-e4b9447a,false,false,,,
INT-0000202,INTERNAL,BANK,MATCHED,M004-4ec6390b,false,false,,,
INT-0000202,INTERNAL,PROCESSOR,MATCHED,M004-4ec6390b,false,false,,,
INT-0000203,INTERNAL,BANK,MATCHED,M002-9639e35a,false,false,,,
INT-0000203,INTERNAL,PROCESSOR,MATCHED,M002-9639e35a,false,false,,,
INT-0000204,INTERNAL,BANK,TIMING_DIFFERENCE,M019-210ef2a8,false,false,,,
INT-0000204,INTERNAL,PROCESSOR,MATCHED,M019-210ef2a8,false,false,,,
INT-0000205,INTERNAL,BANK,MATCHED,M014-a0b29872,false,false,,,
INT-0000205,INTERNAL,PROCESSOR,MATCHED,M014-a0b29872,false,false,,,
INT-0000206,INTERNAL,BANK,MATCHED,M001-49b5539a,false,false,,,
INT-0000206,INTERNAL,PROCESSOR,MATCHED,M001-49b5539a,false,false,,,
INT-0000207,INTERNAL,BANK,MATCHED,M012-4b87113c,false,false,,,
INT-0000207,INTERNAL,PROCESSOR,MATCHED,M012-4b87113c,false,false,,,
INT-0000208,INTERNAL,BANK,MATCHED,M007-5924754e,false,false,,,
INT-0000208,INTERNAL,PROCESSOR,MATCHED,M007-5924754e,false,false,,,
INT-0000209,INTERNAL,BANK,MATCHED,M013-f66b01d4,false,false,,,
INT-0000209,INTERNAL,PROCESSOR,MATCHED,M013-f66b01d4,false,false,,,
INT-0000210,INTERNAL,BANK,MATCHED,M002-2e055c90,false,false,,,
INT-0000210,INTERNAL,PROCESSOR,MATCHED,M002-2e055c90,false,false,,,
INT-0000211,INTERNAL,BANK,MATCHED,M019-f2aed4c2,false,false,,,
INT-0000211,INTERNAL,PROCESSOR,MATCHED,M019-f2aed4c2,false,false,,,
INT-0000212,INTERNAL,BANK,MATCHED,M002-9dbf49a0,false,false,,,
INT-0000212,INTERNAL,PROCESSOR,MATCHED,M002-9dbf49a0,false,false,,,
INT-0000213,INTERNAL,BANK,MATCHED,M008-4bdb7ec8,false,false,,,
INT-0000213,INTERNAL,PROCESSOR,MATCHED,M008-4bdb7ec8,false,false,,,
INT-0000214,INTERNAL,BANK,MATCHED,M006-78368f7e,false,false,,,
INT-0000214,INTERNAL,PROCESSOR,MATCHED,M006-78368f7e,false,false,,,
INT-0000215,INTERNAL,BANK,MATCHED,M019-2d2e433e,false,false,,,
INT-0000215,INTERNAL,PROCESSOR,MATCHED,M019-2d2e433e,false,false,,,
INT-0000216,INTERNAL,BANK,MATCHED,M013-f24b1c71,false,false,,,
INT-0000216,INTERNAL,PROCESSOR,MATCHED,M013-f24b1c71,false,false,,,
INT-0000217,INTERNAL,BANK,MATCHED,M001-34d263b5,false,false,,,
INT-0000217,INTERNAL,PROCESSOR,MATCHED,M001-34d263b5,false,false,,,
INT-0000218,INTERNAL,BANK,MATCHED,M011-37bbf1b3,false,false,,,
INT-0000218,INTERNAL,PROCESSOR,MATCHED,M011-37bbf1b3,false,false,,,
INT-0000219,INTERNAL,BANK,MATCHED,M011-8b6e0e30,false,false,,,
INT-0000219,INTERNAL,PROCESSOR,MATCHED,M011-8b6e0e30,false,false,,,
INT-0000220,INTERNAL,BANK,MATCHED,M003-9c488e00,false,false,,,
INT-0000220,INTERNAL,PROCESSOR,MATCHED,M003-9c488e00,false,false,,,
INT-0000221,INTERNAL,BANK,MATCHED,M005-1125cf5e,false,false,,,
INT-0000221,INTERNAL,PROCESSOR,MATCHED,M005-1125cf5e,false,false,,,
INT-0000222,INTERNAL,BANK,MATCHED,M020-694165be,false,false,,,
INT-0000222,INTERNAL,PROCESSOR,MATCHED,M020-694165be,false,false,,,
INT-0000223,INTERNAL,BANK,MATCHED,M015-a0afa707,false,false,,,
INT-0000223,INTERNAL,PROCESSOR,MATCHED,M015-a0afa707,false,false,,,
INT-0000224,INTERNAL,BANK,MATCHED,M020-48c828b4,false,false,,,
INT-0000224,INTERNAL,PROCESSOR,MATCHED,M020-48c828b4,false,false,,,
INT-0000225,INTERNAL,BANK,MATCHED,M002-d3b97429,false,false,,,
INT-0000225,INTERNAL,PROCESSOR,MATCHED,M002-d3b97429,false,false,,,
INT-0000226,INTERNAL,BANK,MATCHED,M011-7bca1aaf,false,false,,,
INT-0000226,INTERNAL,PROCESSOR,MATCHED,M011-7bca1aaf,false,false,,,
INT-0000227,INTERNAL,BANK,MATCHED,M008-460ecec9,false,false,,,
INT-0000227,INTERNAL,PROCESSOR,MATCHED,M008-460ecec9,false,false,,,
INT-0000228,INTERNAL,BANK,MATCHED,M019-98a26259,false,false,,,
INT-0000228,INTERNAL,PROCESSOR,MATCHED,M019-98a26259,false,false,,,
INT-0000229,INTERNAL,BANK,MATCHED,M015-2fa58805,false,false,,,
INT-0000229,INTERNAL,PROCESSOR,MATCHED,M015-2fa58805,false,false,,,
INT-0000230,INTERNAL,BANK,MATCHED,M008-ce693671,false,false,,,
INT-0000230,INTERNAL,PROCESSOR,MATCHED,M008-ce693671,false,false,,,
INT-0000231,INTERNAL,BANK,MATCHED,M020-a40680a0,false,false,,,
INT-0000231,INTERNAL,PROCESSOR,MATCHED,M020-a40680a0,false,false,,,
INT-0000232,INTERNAL,BANK,MATCHED,M011-ca51d12a,false,false,,,
INT-0000232,INTERNAL,PROCESSOR,MATCHED,M011-ca51d12a,false,false,,,
INT-0000233,INTERNAL,BANK,TIMING_DIFFERENCE,M020-00aa1da5,false,false,,,
INT-0000233,INTERNAL,PROCESSOR,MATCHED,M020-00aa1da5,false,false,,,
INT-0000234,INTERNAL,BANK,MATCHED,M007-bbdb4a78,false,false,,,
INT-0000234,INTERNAL,PROCESSOR,MATCHED,M007-bbdb4a78,false,false,,,
INT-0000235,INTERNAL,BANK,MATCHED,M016-9e8b8480,false,false,,,
INT-0000235,INTERNAL,PROCESSOR,MATCHED,M016-9e8b8480,false,false,,,
INT-0000236,INTERNAL,BANK,MATCHED,M004-7c204316,false,false,,,
INT-0000236,INTERNAL,PROCESSOR,MATCHED,M004-7c204316,false,false,,,
INT-0000237,INTERNAL,BANK,MATCHED,M006-b4550b7e,false,false,,,
INT-0000237,INTERNAL,PROCESSOR,MATCHED,M006-b4550b7e,false,false,,,
INT-0000238,INTERNAL,BANK,MATCHED,M016-ce6a0302,false,false,,,
INT-0000238,INTERNAL,PROCESSOR,MATCHED,M016-ce6a0302,false,false,,,
INT-0000239,INTERNAL,BANK,MATCHED,M013-cdc70808,false,false,,,
INT-0000239,INTERNAL,PROCESSOR,MATCHED,M013-cdc70808,false,false,,,
INT-0000240,INTERNAL,BANK,MATCHED,M008-ad89f65f,false,false,,,
INT-0000240,INTERNAL,PROCESSOR,MATCHED,M008-ad89f65f,false,false,,,
INT-0000241,INTERNAL,BANK,MATCHED,M009-92a0f75a,false,false,,,
INT-0000241,INTERNAL,PROCESSOR,MATCHED,M009-92a0f75a,false,false,,,
INT-0000242,INTERNAL,BANK,MATCHED,M020-16b1e5d4,false,false,,,
INT-0000242,INTERNAL,PROCESSOR,MATCHED,M020-16b1e5d4,false,false,,,
INT-0000243,INTERNAL,BANK,MATCHED,M010-40494b35,false,false,,,
INT-0000243,INTERNAL,PROCESSOR,MATCHED,M010-40494b35,false,false,,,
INT-0000244,INTERNAL,BANK,MATCHED,M013-ca176014,false,false,,,
INT-0000244,INTERNAL,PROCESSOR,MATCHED,M013-ca176014,false,false,,,
INT-0000245,INTERNAL,BANK,MATCHED,M008-01a233f4,false,false,,,
INT-0000245,INTERNAL,PROCESSOR,MATCHED,M008-01a233f4,false,false,,,
INT-0000246,INTERNAL,BANK,MATCHED,M001-43bf2b67,false,false,,,
INT-0000246,INTERNAL,PROCESSOR,MATCHED,M001-43bf2b67,false,false,,,
INT-0000247,INTERNAL,BANK,MATCHED,M009-82161db8,false,false,,,
INT-0000247,INTERNAL,PROCESSOR,AMOUNT_MISMATCH,M009-82161db8,false,false,,,
INT-0000248,INTERNAL,BANK,MATCHED,M018-d8cdadc4,false,false,,,
INT-0000248,INTERNAL,PROCESSOR,MATCHED,M018-d8cdadc4,false,false,,,
INT-0000249,INTERNAL,BANK,MATCHED,M013-078c7632,false,false,,,
INT-0000249,INTERNAL,PROCESSOR,MATCHED,M013-078c7632,false,false,,,
INT-0000250,INTERNAL,BANK,MATCHED,M002-aeae0ffa,false,false,,,
INT-0000250,INTERNAL,PROCESSOR,MATCHED,M002-aeae0ffa,false,false,,,
INT-0000251,INTERNAL,BANK,MATCHED,M013-cb2c8a27,false,false,,,
INT-0000251,INTERNAL,PROCESSOR,MATCHED,M013-cb2c8a27,false,false,,,
INT-0000252,INTERNAL,BANK,MATCHED,M009-bf742b65,false,false,,,
INT-0000252,INTERNAL,PROCESSOR,MATCHED,M009-bf742b65,false,false,,,
INT-0000253,INTERNAL,BANK,MATCHED,M008-51acbd3d,false,false,,,
INT-0000253,INTERNAL,PROCESSOR,MATCHED,M008-51acbd3d,false,false,,,
INT-0000254,INTERNAL,BANK,MATCHED,M009-b9e28c9e,false,false,,,
INT-0000254,INTERNAL,PROCESSOR,MATCHED,M009-b9e28c9e,false,false,,,
INT-0000255,INTERNAL,BANK,MATCHED,M015-404bf7ba,false,false,,,
INT-0000255,INTERNAL,PROCESSOR,MATCHED,M015-404bf7ba,false,false,,,
INT-0000256,INTERNAL,BANK,MATCHED,M009-081598a8,false,false,,,
INT-0000256,INTERNAL,PROCESSOR,MATCHED,M009-081598a8,false,false,,,
INT-0000257,INTERNAL,BANK,MATCHED,M015-f264d9b1,false,false,,,
INT-0000257,INTERNAL,PROCESSOR,MATCHED,M015-f264d9b1,false,false,,,
INT-0000258,INTERNAL,BANK,MATCHED,M013-dd8b7c46,false,false,,,
INT-0000258,INTERNAL,PROCESSOR,MATCHED,M013-dd8b7c46,false,false,,,
INT-0000259,INTERNAL,BANK,MATCHED,M019-a22eccdf,false,false,,,
INT-0000259,INTERNAL,PROCESSOR,MATCHED,M019-a22eccdf,false,false,,,
INT-0000260,INTERNAL,BANK,MATCHED,M001-eeddf52e,false,false,,,
INT-0000260,INTERNAL,PROCESSOR,MATCHED,M001-eeddf52e,false,false,,,
INT-0000261,INTERNAL,BANK,TIMING_DIFFERENCE,M005-6c19ace3,false,false,,,
INT-0000261,INTERNAL,PROCESSOR,MATCHED,M005-6c19ace3,false,false,,,
INT-0000262,INTERNAL,BANK,MATCHED,M019-26e16af1,false,false,,,
INT-0000262,INTERNAL,PROCESSOR,MATCHED,M019-26e16af1,false,false,,,
INT-0000263,INTERNAL,BANK,TIMING_DIFFERENCE,M014-4aa60588,false,false,,,
INT-0000263,INTERNAL,PROCESSOR,MATCHED,M014-4aa60588,false,false,,,
INT-0000264,INTERNAL,BANK,MATCHED,M009-d1997cd8,false,false,,,
INT-0000264,INTERNAL,PROCESSOR,MATCHED,M009-d1997cd8,false,false,,,
INT-0000265,INTERNAL,BANK,MATCHED,M005-bef4ba6e,false,false,,,
INT-0000265,INTERNAL,PROCESSOR,MATCHED,M005-bef4ba6e,false,false,,,
INT-0000266,INTERNAL,BANK,MATCHED,M018-02da187e,false,false,,,
INT-0000266,INTERNAL,PROCESSOR,MATCHED,M018-02da187e,false,false,,,
INT-0000267,INTERNAL,BANK,MATCHED,M007-6615d314,false,false,,,
INT-0000267,INTERNAL,PROCESSOR,MATCHED,M007-6615d314,false,false,,,
INT-0000268,INTERNAL,BANK,MATCHED,M003-5f796546,false,false,,,
INT-0000268,INTERNAL,PROCESSOR,MATCHED,M003-5f796546,false,false,,,
INT-0000269,INTERNAL,BANK,MATCHED,M015-1d78ed41,false,false,,,
INT-0000269,INTERNAL,PROCESSOR,MATCHED,M015-1d78ed41,false,false,,,
INT-0000270,INTERNAL,BANK,MATCHED,M005-97a498a6,false,false,,,
INT-0000270,INTERNAL,PROCESSOR,MATCHED,M005-97a498a6,false,false,,,
INT-0000271,INTERNAL,BANK,MATCHED,M008-c49726e4,false,false,,,
INT-0000271,INTERNAL,PROCESSOR,MATCHED,M008-c49726e4,false,false,,,
INT-0000272,INTERNAL,BANK,MATCHED,M014-31b3629f,false,false,,,
INT-0000272,INTERNAL,PROCESSOR,MATCHED,M014-31b3629f,false,false,,,
INT-0000273,INTERNAL,BANK,MATCHED,M016-89264f87,false,false,,,
INT-0000273,INTERNAL,PROCESSOR,MATCHED,M016-89264f87,false,false,,,
INT-0000274,INTERNAL,BANK,MATCHED,M010-30b64915,false,false,,,
INT-0000274,INTERNAL,PROCESSOR,MATCHED,M010-30b64915,false,false,,,
INT-0000275,INTERNAL,BANK,MATCHED,M015-b5392e33,false,false,,,
INT-0000275,INTERNAL,PROCESSOR,MATCHED,M015-b5392e33,false,false,,,
INT-0000276,INTERNAL,BANK,MATCHED,M020-113d4db2,false,false,,,
INT-0000276,INTERNAL,PROCESSOR,MATCHED,M020-113d4db2,false,false,,,
INT-0000277,INTERNAL,BANK,MATCHED,M006-a0f94833,false,false,,,
INT-0000277,INTERNAL,PROCESSOR,MATCHED,M006-a0f94833,false,false,,,
INT-0000278,INTERNAL,BANK,MATCHED,M004-3ae7518b,false,false,,,
INT-0000278,INTERNAL,PROCESSOR,MATCHED,M004-3ae7518b,false,false,,,
INT-0000279,INTERNAL,BANK,MATCHED,M010-4773031f,false,false,,,
INT-0000279,INTERNAL,PROCESSOR,MATCHED,M010-4773031f,false,false,,,
INT-0000280,INTERNAL,BANK,MATCHED,M019-25480dc3,false,false,,,
INT-0000280,INTERNAL,PROCESSOR,MATCHED,M019-25480dc3,false,false,,,
INT-0000281,INTERNAL,BANK,MATCHED,M004-677172a3,false,false,,,
INT-0000281,INTERNAL,PROCESSOR,AMOUNT_MISMATCH,M004-677172a3,false,false,,,
INT-0000282,INTERNAL,BANK,MATCHED,M011-50add127,false,false,,,
INT-0000282,INTERNAL,PROCESSOR,MATCHED,M011-50add127,false,false,,,
INT-0000283,INTERNAL,BANK,MATCHED,M017-4667a20f,false,false,,,
INT-0000283,INTERNAL,PROCESSOR,AMOUNT_MISMATCH,M017-4667a20f,false,false,,,
INT-0000284,INTERNAL,BANK,MATCHED,M003-1bd2b5ff,false,false,,,
INT-0000284,INTERNAL,PROCESSOR,MATCHED,M003-1bd2b5ff,false,false,,,
INT-0000285,INTERNAL,BANK,MATCHED,M010-5dc93287,false,false,,,
INT-0000285,INTERNAL,PROCESSOR,MATCHED,M010-5dc93287,false,false,,,
INT-0000286,INTERNAL,BANK,MATCHED,M019-f1ccacc2,false,false,,,
INT-0000286,INTERNAL,PROCESSOR,MATCHED,M019-f1ccacc2,false,false,,,
INT-0000287,INTERNAL,BANK,MATCHED,M011-09f03fdd,false,false,,,
INT-0000287,INTERNAL,PROCESSOR,MATCHED,M011-09f03fdd,false,false,,,
INT-0000288,INTERNAL,BANK,TIMING_DIFFERENCE,M015-62bce19a,false,false,,,
INT-0000288,INTERNAL,PROCESSOR,MATCHED,M015-62bce19a,false,false,,,
INT-0000289,INTERNAL,BANK,MATCHED,M006-7361c5c8,false,false,,,
INT-0000289,INTERNAL,PROCESSOR,MATCHED,M006-7361c5c8,false,false,,,
INT-0000290,INTERNAL,BANK,MATCHED,M005-bc9fa65c,false,false,,,
INT-0000290,INTERNAL,PROCESSOR,MATCHED,M005-bc9fa65c,false,false,,,
INT-0000291,INTERNAL,BANK,MATCHED,M001-e8b3c48d,false,false,,,
INT-0000291,INTERNAL,PROCESSOR,MATCHED,M001-e8b3c48d,false,false,,,
INT-0000292,INTERNAL,BANK,MATCHED,M020-9b9c1ffb,false,false,,,
INT-0000292,INTERNAL,PROCESSOR,MATCHED,M020-9b9c1ffb,false,false,,,
INT-0000293,INTERNAL,BANK,MATCHED,M001-ce94e1af,false,false,,,
INT-0000293,INTERNAL,PROCESSOR,MATCHED,M001-ce94e1af,false,false,,,
INT-0000294,INTERNAL,BANK,MATCHED,M009-1c58790d,false,false,,,
INT-0000294,INTERNAL,PROCESSOR,MATCHED,M009-1c58790d,false,false,,,
INT-0000295,INTERNAL,BANK,MATCHED,M014-cfb8a5f1,false,false,,,
INT-0000295,INTERNAL,PROCESSOR,MATCHED,M014-cfb8a5f1,false,false,,,
INT-0000296,INTERNAL,BANK,MATCHED,M012-1595919c,false,false,,,
INT-0000296,INTERNAL,PROCESSOR,MATCHED,M012-1595919c,false,false,,,
INT-0000297,INTERNAL,BANK,MATCHED,M012-f6aec38b,false,false,,,
INT-0000297,INTERNAL,PROCESSOR,MATCHED,M012-f6aec38b,false,false,,,
INT-0000298,INTERNAL,BANK,MATCHED,M013-6ed5a148,false,false,,,
INT-0000298,INTERNAL,PROCESSOR,MATCHED,M013-6ed5a148,false,false,,,
INT-0000299,INTERNAL,BANK,MATCHED,M016-8cbc938e,false,false,,,
INT-0000299,INTERNAL,PROCESSOR,MATCHED,M016-8cbc938e,false,false,,,
INT-0000300,INTERNAL,BANK,MATCHED,M002-b8723d39,false,false,,,
INT-0000300,INTERNAL,PROCESSOR,MATCHED,M002-b8723d39,false,false,,,
INT-0000301,INTERNAL,BANK,MATCHED,M006-caccfab5,false,false,,,
INT-0000301,INTERNAL,PROCESSOR,MATCHED,M006-caccfab5,false,false,,,
INT-0000302,INTERNAL,BANK,MATCHED,M005-46a2d207,false,false,,,
INT-0000302,INTERNAL,PROCESSOR,MATCHED,M005-46a2d207,false,false,,,
INT-0000303,INTERNAL,BANK,MATCHED,M013-4477391c,false,false,,,
INT-0000303,INTERNAL,PROCESSOR,MATCHED,M013-4477391c,false,false,,,
INT-0000304,INTERNAL,BANK,MATCHED,M005-286793b2,false,false,,,
INT-0000304,INTERNAL,PROCESSOR,MATCHED,M005-286793b2,false,false,,,
INT-0000305,INTERNAL,BANK,MATCHED,M017-60e4e81e,false,false,,,
INT-0000305,INTERNAL,PROCESSOR,MATCHED,M017-60e4e81e,false,false,,,
INT-0000306,INTERNAL,BANK,MATCHED,M020-e3f79aa7,false,false,,,
INT-0000306,INTERNAL,PROCESSOR,MATCHED,M020-e3f79aa7,false,false,,,
INT-0000307,INTERNAL,BANK,MATCHED,M007-07508db2,false,false,,,
INT-0000307,INTERNAL,PROCESSOR,MATCHED,M007-07508db2,false,false,,,
INT-0000308,INTERNAL,BANK,MATCHED,M009-ccd71ba8,false,false,,,
INT-0000308,INTERNAL,PROCESSOR,MATCHED,M009-ccd71ba8,false,false,,,
INT-0000309,INTERNAL,BANK,MATCHED,M016-e6a63c59,false,false,,,
INT-0000309,INTERNAL,PROCESSOR,MATCHED,M016-e6a63c59,false,false,,,
INT-0000310,INTERNAL,BANK,MATCHED,M003-6869002b,false,false,,,
INT-0000310,INTERNAL,PROCESSOR,MATCHED,M003-6869002b,false,false,,,
INT-0000311,INTERNAL,BANK,MATCHED,M001-5ab9315b,false,false,,,
INT-0000311,INTERNAL,PROCESSOR,MATCHED,M001-5ab9315b,false,false,,,
INT-0000312,INTERNAL,BANK,MATCHED,M001-a34bff2a,false,false,,,
INT-0000312,INTERNAL,PROCESSOR,MATCHED,M001-a34bff2a,false,false,,,
INT-0000313,INTERNAL,BANK,MATCHED,M016-8c6b8068,false,false,,,
INT-0000313,INTERNAL,PROCESSOR,MATCHED,M016-8c6b8068,false,false,,,
INT-0000314,INTERNAL,BANK,MATCHED,M017-5d44036c,false,false,,,
INT-0000314,INTERNAL,PROCESSOR,AMOUNT_MISMATCH,M017-5d44036c,false,false,,,
INT-0000315,INTERNAL,BANK,MATCHED,M002-2aaef607,false,false,,,
INT-0000315,INTERNAL,PROCESSOR,MATCHED,M002-2aaef607,false,false,,,
INT-0000316,INTERNAL,BANK,MATCHED,M012-346eee21,false,false,,,
INT-0000316,INTERNAL,PROCESSOR,MATCHED,M012-346eee21,false,false,,,
INT-0000317,INTERNAL,BANK,MATCHED,M006-ff43fc27,false,false,,,
INT-0000317,INTERNAL,PROCESSOR,MATCHED,M006-ff43fc27,false,false,,,
INT-0000318,INTERNAL,BANK,MATCHED,M008-7173601e,false,false,,,
INT-0000318,INTERNAL,PROCESSOR,AMOUNT_MISMATCH,M008-7173601e,false,false,,,
INT-0000319,INTERNAL,BANK,MATCHED,M002-4e0f3354,false,false,,,
INT-0000319,INTERNAL,PROCESSOR,MATCHED,M002-4e0f3354,false,false,,,
INT-0000320,INTERNAL,BANK,MATCHED,M006-c0202219,false,false,,,
INT-0000320,INTERNAL,PROCESSOR,MATCHED,M006-c0202219,false,false,,,
INT-0000321,INTERNAL,BANK,MATCHED,M001-e636d32b,false,false,,,
INT-0000321,INTERNAL,PROCESSOR,MATCHED,M001-e636d32b,false,false,,,
INT-0000322,INTERNAL,BANK,MATCHED,M003-2b89994f,false,false,,,
INT-0000322,INTERNAL,PROCESSOR,MATCHED,M003-2b89994f,false,false,,,
INT-0000323,INTERNAL,BANK,MATCHED,M011-2136ced6,false,false,,,
INT-0000323,INTERNAL,PROCESSOR,MATCHED,M011-2136ced6,false,false,,,
INT-0000324,INTERNAL,BANK,MATCHED,M003-04d159e8,false,false,,,
INT-0000324,INTERNAL,PROCESSOR,MATCHED,M003-04d159e8,false,false,,,
INT-0000325,INTERNAL,BANK,MATCHED,M009-0ac35e5f,false,false,,,
INT-0000325,INTERNAL,PROCESSOR,MATCHED,M009-0ac35e5f,false,false,,,
INT-0000326,INTERNAL,BANK,MATCHED,M011-0d0a7ba0,false,false,,,
INT-0000326,INTERNAL,PROCESSOR,MATCHED,M011-0d0a7ba0,false,false,,,
INT-0000327,INTERNAL,BANK,MATCHED,M008-531adab2,false,false,,,
INT-0000327,INTERNAL,PROCESSOR,MATCHED,M008-531adab2,false,false,,,
INT-0000328,INTERNAL,BANK,MATCHED,M015-17d26690,false,false,,,
INT-0000328,INTERNAL,PROCESSOR,MATCHED,M015-17d26690,false,false,,,
INT-0000329,INTERNAL,BANK,TIMING_DIFFERENCE,M014-e59c7a80,false,false,,,
INT-0000329,INTERNAL,PROCESSOR,MATCHED,M014-e59c7a80,false,false,,,
INT-0000330,INTERNAL,BANK,MATCHED,M009-2c922202,false,false,,,
INT-0000330,INTERNAL,PROCESSOR,MATCHED,M009-2c922202,false,false,,,
INT-0000331,INTERNAL,BANK,MATCHED,M005-8e5389cd,false,false,,,
INT-0000331,INTERNAL,PROCESSOR,MATCHED,M005-8e5389cd,false,false,,,
INT-0000332,INTERNAL,BANK,MATCHED,M006-eaa60c73,false,false,,,
INT-0000332,INTERNAL,PROCESSOR,MATCHED,M006-eaa60c73,false,false,,,
INT-0000333,INTERNAL,BANK,MATCHED,M012-06225985,false,false,,,
INT-0000333,INTERNAL,PROCESSOR,AMOUNT_MISMATCH,M012-06225985,false,false,,,
INT-0000334,INTERNAL,BANK,MATCHED,M002-27129084,false,false,,,
INT-0000334,INTERNAL,PROCESSOR,MATCHED,M002-27129084,false,false,,,
INT-0000335,INTERNAL,BANK,MATCHED,M012-4b8bb537,false,false,,,
INT-0000335,INTERNAL,PROCESSOR,MATCHED,M012-4b8bb537,false,false,,,
INT-0000336,INTERNAL,BANK,MATCHED,M006-0767cb7f,false,false,,,
INT-0000336,INTERNAL,PROCESSOR,MATCHED,M006-0767cb7f,false,false,,,
INT-0000337,INTERNAL,BANK,TIMING_DIFFERENCE,M001-b790fef3,false,false,,,
INT-0000337,INTERNAL,PROCESSOR,MATCHED,M001-b790fef3,false,false,,,
INT-0000338,INTERNAL,BANK,MISSING_IN_BANK,M003-f57de136,false,false,,,
INT-0000338,INTERNAL,PROCESSOR,MATCHED,M003-f57de136,false,false,,,
INT-0000339,INTERNAL,BANK,MATCHED,M012-a127f6c3,false,false,,,
INT-0000339,INTERNAL,PROCESSOR,MISSING_IN_PROCESSOR,M012-a127f6c3,false,false,,,
INT-0000340,INTERNAL,BANK,MATCHED,M014-5a632f8e,false,false,,,
INT-0000340,INTERNAL,PROCESSOR,MATCHED,M014-5a632f8e,false,false,,,
INT-0000341,INTERNAL,BANK,MATCHED,M015-a368b23f,false,false,,,
INT-0000341,INTERNAL,PROCESSOR,MATCHED,M015-a368b23f,false,false,,,
INT-0000342,INTERNAL,BANK,MATCHED,M006-0f17f4b4,false,false,,,
INT-0000342,INTERNAL,PROCESSOR,MATCHED,M006-0f17f4b4,false,false,,,
INT-0000343,INTERNAL,BANK,MATCHED,M011-570e2e61,false,false,,,
INT-0000343,INTERNAL,PROCESSOR,MATCHED,M011-570e2e61,false,false,,,
INT-0000344,INTERNAL,BANK,MATCHED,M005-62c050bf,false,false,,,
INT-0000344,INTERNAL,PROCESSOR,MATCHED,M005-62c050bf,false,false,,,
INT-0000345,INTERNAL,BANK,MATCHED,M016-666f69e8,false,false,,,
INT-0000345,INTERNAL,PROCESSOR,MATCHED,M016-666f69e8,false,false,,,
INT-0000346,INTERNAL,BANK,MATCHED,M011-ad0b5704,false,false,,,
INT-0000346,INTERNAL,PROCESSOR,MATCHED,M011-ad0b5704,false,false,,,
INT-0000347,INTERNAL,BANK,MATCHED,M009-c48738d4,false,false,,,
INT-0000347,INTERNAL,PROCESSOR,MATCHED,M009-c48738d4,false,false,,,
INT-0000348,INTERNAL,BANK,MATCHED,M017-157d52ed,false,false,,,
INT-0000348,INTERNAL,PROCESSOR,MATCHED,M017-157d52ed,false,false,,,
INT-0000349,INTERNAL,BANK,MATCHED,M019-8d31d309,false,false,,,
INT-0000349,INTERNAL,PROCESSOR,MATCHED,M019-8d31d309,false,false,,,
INT-0000350,INTERNAL,BANK,MATCHED,M006-c93e7fb6,false,false,,,
INT-0000350,INTERNAL,PROCESSOR,MATCHED,M006-c93e7fb6,false,false,,,
INT-0000351,INTERNAL,BANK,MATCHED,M019-587db821,false,false,,,
INT-0000351,INTERNAL,PROCESSOR,MATCHED,M019-587db821,false,false,,,
INT-0000352,INTERNAL,BANK,MATCHED,M016-0efa5ea7,false,false,,,
INT-0000352,INTERNAL,PROCESSOR,MATCHED,M016-0efa5ea7,false,false,,,
INT-0000353,INTERNAL,BANK,MATCHED,M003-c47bbcfb,false,false,,,
INT-0000353,INTERNAL,PROCESSOR,MATCHED,M003-c47bbcfb,false,false,,,
INT-0000354,INTERNAL,BANK,MATCHED,M008-314cd2fe,false,false,,,
INT-0000354,INTERNAL,PROCESSOR,MATCHED,M008-314cd2fe,false,false,,,
INT-0000355,INTERNAL,BANK,MATCHED,M019-a5f05cb3,false,false,,,
INT-0000355,INTERNAL,PROCESSOR,MATCHED,M019-a5f05cb3,false,false,,,
INT-0000356,INTERNAL,BANK,MATCHED,M010-6b9852e1,false,false,,,
INT-0000356,INTERNAL,PROCESSOR,MATCHED,M010-6b9852e1,false,false,,,
INT-0000357,INTERNAL,BANK,MATCHED,M001-80205270,false,false,,,
INT-0000357,INTERNAL,PROCESSOR,MATCHED,M001-80205270,false,false,,,
INT-0000358,INTERNAL,BANK,MATCHED,M006-0032264f,false,false,,,
INT-0000358,INTERNAL,PROCESSOR,MATCHED,M006-0032264f,false,false,,,
INT-0000359,INTERNAL,BANK,MATCHED,M017-df8a1285,false,false,,,
INT-0000359,INTERNAL,PROCESSOR,MATCHED,M017-df8a1285,false,false,,,
INT-0000360,INTERNAL,BANK,MATCHED,M003-4aaf4614,false,false,,,
INT-0000360,INTERNAL,PROCESSOR,MATCHED,M003-4aaf4614,false,false,,,
INT-0000361,INTERNAL,BANK,MATCHED,M014-792f3246,false,false,,,
INT-0000361,INTERNAL,PROCESSOR,MATCHED,M014-792f3246,false,false,,,
INT-0000362,INTERNAL,BANK,MATCHED,M015-2fd40663,false,false,,,
INT-0000362,INTERNAL,PROCESSOR,MATCHED,M015-2fd40663,false,false,,,
INT-0000363,INTERNAL,BANK,MATCHED,M015-da107079,false,false,,,
INT-0000363,INTERNAL,PROCESSOR,MATCHED,M015-da107079,false,false,,,
INT-0000364,INTERNAL,BANK,MATCHED,M015-6984517e,false,false,,,
INT-0000364,INTERNAL,PROCESSOR,MATCHED,M015-6984517e,false,false,,,
INT-0000365,INTERNAL,BANK,MATCHED,M010-91a291a7,false,false,,,
INT-0000365,INTERNAL,PROCESSOR,MATCHED,M010-91a291a7,false,false,,,
INT-0000366,INTERNAL,BANK,MATCHED,M008-a3bf9232,false,false,,,
INT-0000366,INTERNAL,PROCESSOR,MATCHED,M008-a3bf9232,false,false,,,
INT-0000367,INTERNAL,BANK,MATCHED,M014-7eafdbea,false,false,,,
INT-0000367,INTERNAL,PROCESSOR,MATCHED,M014-7eafdbea,false,false,,,
INT-0000368,INTERNAL,BANK,MATCHED,M004-84142e19,false,false,,,
INT-0000368,INTERNAL,PROCESSOR,MATCHED,M004-84142e19,false,false,,,
INT-0000369,INTERNAL,BANK,MATCHED,M011-4c311943,false,false,,,
INT-0000369,INTERNAL,PROCESSOR,MATCHED,M011-4c311943,false,false,,,
INT-0000370,INTERNAL,BANK,MATCHED,M011-d575cdab,false,false,,,
INT-0000370,INTERNAL,PROCESSOR,MATCHED,M011-d575cdab,false,false,,,
INT-0000371,INTERNAL,BANK,MATCHED,M008-28cf759e,false,false,,,
INT-0000371,INTERNAL,PROCESSOR,MATCHED,M008-28cf759e,false,false,,,
INT-0000372,INTERNAL,BANK,MATCHED,M007-f3a708f4,false,false,,,
INT-0000372,INTERNAL,PROCESSOR,MATCHED,M007-f3a708f4,false,false,,,
INT-0000373,INTERNAL,BANK,MATCHED,M020-a6d107b0,false,false,,,
INT-0000373,INTERNAL,PROCESSOR,MATCHED,M020-a6d107b0,false,false,,,
INT-0000374,INTERNAL,BANK,MATCHED,M009-a7a8b9bb,false,false,,,
INT-0000374,INTERNAL,PROCESSOR,MATCHED,M009-a7a8b9bb,false,false,,,
INT-0000375,INTERNAL,BANK,MATCHED,M010-0d715498,false,false,,,
INT-0000375,INTERNAL,PROCESSOR,MATCHED,M010-0d715498,false,false,,,
INT-0000376,INTERNAL,BANK,MATCHED,M011-47a1b5a4,false,false,,,
INT-0000376,INTERNAL,PROCESSOR,MATCHED,M011-47a1b5a4,false,false,,,
INT-0000377,INTERNAL,BANK,MISSING_IN_BANK,M018-eafe6ab7,false,false,,,
INT-0000377,INTERNAL,PROCESSOR,MATCHED,M018-eafe6ab7,false,false,,,
INT-0000378,INTERNAL,BANK,MATCHED,M004-07b22f16,false,false,,,
INT-0000378,INTERNAL,PROCESSOR,MATCHED,M004-07b22f16,false,false,,,
INT-0000379,INTERNAL,BANK,MATCHED,M013-c9fab9b3,false,false,,,
INT-0000379,INTERNAL,PROCESSOR,MATCHED,M013-c9fab9b3,false,false,,,
INT-0000380,INTERNAL,BANK,MATCHED,M017-d0766bb3,false,false,,,
INT-0000380,INTERNAL,PROCESSOR,MATCHED,M017-d0766bb3,false,false,,,
INT-0000381,INTERNAL,BANK,TIMING_DIFFERENCE,M019-d04d259b,false,false,,,
INT-0000381,INTERNAL,PROCESSOR,MATCHED,M019-d04d259b,false,false,,,
INT-0000382,INTERNAL,BANK,MATCHED,M008-5c2d6a9a,false,false,,,
INT-0000382,INTERNAL,PROCESSOR,MATCHED,M008-5c2d6a9a,false,false,,,
INT-0000383,INTERNAL,BANK,MATCHED,M006-04c5503b,false,false,,,
INT-0000383,INTERNAL,PROCESSOR,MISSING_IN_PROCESSOR,M006-04c5503b,false,false,,,
INT-0000384,INTERNAL,BANK,MATCHED,M002-6e4644e0,false,false,,,
INT-0000384,INTERNAL,PROCESSOR,MATCHED,M002-6e4644e0,false,false,,,
INT-0000385,INTERNAL,BANK,MATCHED,M020-7d6e120a,false,false,,,
INT-0000385,INTERNAL,PROCESSOR,MATCHED,M020-7d6e120a,false,false,,,
INT-0000386,INTERNAL,BANK,MATCHED,M006-757563e6,false,false,,,
INT-0000386,INTERNAL,PROCESSOR,MATCHED,M006-757563e6,false,false,,,
INT-0000387,INTERNAL,BANK,MATCHED,M014-e22d4ae5,false,false,,,
INT-0000387,INTERNAL,PROCESSOR,MATCHED,M014-e22d4ae5,false,false,,,
INT-0000388,INTERNAL,BANK,MATCHED,M018-675dbd99,false,false,,,
INT-0000388,INTERNAL,PROCESSOR,MATCHED,M018-675dbd99,false,false,,,
INT-0000389,INTERNAL,BANK,MATCHED,M007-6a395dfe,false,false,,,
INT-0000389,INTERNAL,PROCESSOR,MATCHED,M007-6a395dfe,false,false,,,
INT-0000390,INTERNAL,BANK,MATCHED,M019-f6f4572b,false,false,,,
INT-0000390,INTERNAL,PROCESSOR,MATCHED,M019-f6f4572b,false,false,,,
INT-0000391,INTERNAL,BANK,MATCHED,M003-dabc4e01,false,false,,,
INT-0000391,INTERNAL,PROCESSOR,MATCHED,M003-dabc4e01,false,false,,,
INT-0000392,INTERNAL,BANK,MATCHED,M016-cd9504bc,false,false,,,
INT-0000392,INTERNAL,PROCESSOR,MATCHED,M016-cd9504bc,false,false,,,
INT-0000393,INTERNAL,BANK,MATCHED,M019-c59340af,false,false,,,
INT-0000393,INTERNAL,PROCESSOR,MATCHED,M019-c59340af,false,false,,,
INT-0000394,INTERNAL,BANK,MATCHED,M009-baf3a8c8,false,false,,,
INT-0000394,INTERNAL,PROCESSOR,AMOUNT_MISMATCH,M009-baf3a8c8,false,false,,,
INT-0000395,INTERNAL,BANK,MATCHED,M012-9f5c0266,false,false,,,
INT-0000395,INTERNAL,PROCESSOR,MISSING_IN_PROCESSOR,M012-9f5c0266,false,false,,,
INT-0000396,INTERNAL,BANK,MATCHED,M005-71d83342,false,false,,,
INT-0000396,INTERNAL,PROCESSOR,MATCHED,M005-71d83342,false,false,,,
INT-0000397,INTERNAL,BANK,MATCHED,M005-1fcd2549,false,false,,,
INT-0000397,INTERNAL,PROCESSOR,AMOUNT_MISMATCH,M005-1fcd2549,false,false,,,
INT-0000398,INTERNAL,BANK,MATCHED,M004-53e5356b,false,false,,,
INT-0000398,INTERNAL,PROCESSOR,MATCHED,M004-53e5356b,false,false,,,
INT-0000399,INTERNAL,BANK,MATCHED,M007-acd8e7f0,false,false,,,
INT-0000399,INTERNAL,PROCESSOR,MATCHED,M007-acd8e7f0,false,false,,,
INT-0000400,INTERNAL,BANK,MATCHED,M006-b1e1e0ee,false,false,,,
INT-0000400,INTERNAL,PROCESSOR,MATCHED,M006-b1e1e0ee,false,false,,,
INT-0000401,INTERNAL,BANK,MATCHED,M020-414f5c50,false,false,,,
INT-0000401,INTERNAL,PROCESSOR,MATCHED,M020-414f5c50,false,false,,,
INT-0000402,INTERNAL,BANK,MATCHED,M017-d6cdaf5a,false,false,,,
INT-0000402,INTERNAL,PROCESSOR,MATCHED,M017-d6cdaf5a,false,false,,,
INT-0000403,INTERNAL,BANK,MATCHED,M007-0aa8a5f8,false,false,,,
INT-0000403,INTERNAL,PROCESSOR,MATCHED,M007-0aa8a5f8,false,false,,,
INT-0000404,INTERNAL,BANK,MATCHED,M003-4d2d9d02,false,false,,,
INT-0000404,INTERNAL,PROCESSOR,MATCHED,M003-4d2d9d02,false,false,,,
INT-0000405,INTERNAL,BANK,MATCHED,M005-3de82eb3,false,false,,,
INT-0000405,INTERNAL,PROCESSOR,AMOUNT_MISMATCH,M005-3de82eb3,false,false,,,
INT-0000406,INTERNAL,BANK,MATCHED,M003-6d8eacf3,false,false,,,
INT-0000406,INTERNAL,PROCESSOR,AMOUNT_MISMATCH,M003-6d8eacf3,false,false,,,
INT-0000407,INTERNAL,BANK,TIMING_DIFFERENCE,M002-c781ef02,false,false,,,
INT-0000407,INTERNAL,PROCESSOR,MATCHED,M002-c781ef02,false,false,,,
INT-0000408,INTERNAL,BANK,MATCHED,M007-29a54358,false,false,,,
INT-0000408,INTERNAL,PROCESSOR,MATCHED,M007-29a54358,false,false,,,
INT-0000409,INTERNAL,BANK,MATCHED,M006-8817592c,false,false,,,
INT-0000409,INTERNAL,PROCESSOR,MATCHED,M006-8817592c,false,false,,,
INT-0000410,INTERNAL,BANK,MATCHED,M015-fa1c7ef6,false,false,,,
INT-0000410,INTERNAL,PROCESSOR,MATCHED,M015-fa1c7ef6,false,false,,,
INT-0000411,INTERNAL,BANK,TIMING_DIFFERENCE,M006-c54fff8b,false,false,,,
INT-0000411,INTERNAL,PROCESSOR,MATCHED,M006-c54fff8b,false,false,,,
INT-0000412,INTERNAL,BANK,MATCHED,M019-3bc34f9a,false,false,,,
INT-0000412,INTERNAL,PROCESSOR,MATCHED,M019-3bc34f9a,false,false,,,
INT-0000413,INTERNAL,BANK,MATCHED,M018-a6e39ebb,false,false,,,
INT-0000413,INTERNAL,PROCESSOR,MATCHED,M018-a6e39ebb,false,false,,,
INT-0000414,INTERNAL,BANK,MATCHED,M007-69972d06,false,false,,,
INT-0000414,INTERNAL,PROCESSOR,MATCHED,M007-69972d06,false,false,,,
INT-0000415,INTERNAL,BANK,TIMING_DIFFERENCE,M007-3936081d,false,false,,,
INT-0000415,INTERNAL,PROCESSOR,MATCHED,M007-3936081d,false,false,,,
INT-0000416,INTERNAL,BANK,MATCHED,M011-b5065736,false,false,,,
INT-0000416,INTERNAL,PROCESSOR,MATCHED,M011-b5065736,false,false,,,
INT-0000417,INTERNAL,BANK,MATCHED,M009-c02d384d,false,false,,,
INT-0000417,INTERNAL,PROCESSOR,MATCHED,M009-c02d384d,false,false,,,
INT-0000418,INTERNAL,BANK,MATCHED,M001-c5bb4bb8,false,false,,,
INT-0000418,INTERNAL,PROCESSOR,MATCHED,M001-c5bb4bb8,false,false,,,
INT-0000419,INTERNAL,BANK,MATCHED,M006-33593fde,false,false,,,
INT-0000419,INTERNAL,PROCESSOR,MATCHED,M006-33593fde,false,false,,,
INT-0000420,INTERNAL,BANK,MATCHED,M001-4707b72f,false,false,,,
INT-0000420,INTERNAL,PROCESSOR,MATCHED,M001-4707b72f,false,false,,,
INT-0000421,INTERNAL,BANK,MATCHED,M014-71e71562,false,false,,,
INT-0000421,INTERNAL,PROCESSOR,MATCHED,M014-71e71562,false,false,,,
INT-0000422,INTERNAL,BANK,MATCHED,M011-2d92e745,false,false,,,
INT-0000422,INTERNAL,PROCESSOR,MATCHED,M011-2d92e745,false,false,,,
INT-0000423,INTERNAL,BANK,MATCHED,M011-d51f3519,false,false,,,
INT-0000423,INTERNAL,PROCESSOR,MATCHED,M011-d51f3519,false,false,,,
INT-0000424,INTERNAL,BANK,TIMING_DIFFERENCE,M011-6c576d8e,false,false,,,
INT-0000424,INTERNAL,PROCESSOR,MATCHED,M011-6c576d8e,false,false,,,
INT-0000425,INTERNAL,BANK,MATCHED,M001-36d29ba7,false,false,,,
INT-0000425,INTERNAL,PROCESSOR,MATCHED,M001-36d29ba7,false,false,,,
INT-0000426,INTERNAL,BANK,MATCHED,M011-dd242216,false,false,,,
INT-0000426,INTERNAL,PROCESSOR,MATCHED,M011-dd242216,false,false,,,
INT-0000427,INTERNAL,BANK,MATCHED,M004-863fe92f,false,false,,,
INT-0000427,INTERNAL,PROCESSOR,MATCHED,M004-863fe92f,false,false,,,
INT-0000428,INTERNAL,BANK,MATCHED,M003-05123a71,false,false,,,
INT-0000428,INTERNAL,PROCESSOR,MATCHED,M003-05123a71,false,false,,,
INT-0000429,INTERNAL,BANK,TIMING_DIFFERENCE,M009-d85ee504,false,false,,,
INT-0000429,INTERNAL,PROCESSOR,MATCHED,M009-d85ee504,false,false,,,
INT-0000430,INTERNAL,BANK,MATCHED,M008-33c27041,false,false,,,
INT-0000430,INTERNAL,PROCESSOR,MATCHED,M008-33c27041,false,false,,,
INT-0000431,INTERNAL,BANK,MATCHED,M003-e696fa4b,false,false,,,
INT-0000431,INTERNAL,PROCESSOR,MATCHED,M003-e696fa4b,false,false,,,
INT-0000432,INTERNAL,BANK,MATCHED,M018-40dd5198,false,false,,,
INT-0000432,INTERNAL,PROCESSOR,MATCHED,M018-40dd5198,false,false,,,
INT-0000433,INTERNAL,BANK,MATCHED,M015-7c99c18f,false,false,,,
INT-0000433,INTERNAL,PROCESSOR,MATCHED,M015-7c99c18f,false,false,,,
INT-0000434,INTERNAL,BANK,MATCHED,M007-9eb2b67d,false,false,,,
INT-0000434,INTERNAL,PROCESSOR,MATCHED,M007-9eb2b67d,false,false,,,
INT-0000435,INTERNAL,BANK,MATCHED,M009-81abd1d9,false,false,,,
INT-0000435,INTERNAL,PROCESSOR,MATCHED,M009-81abd1d9,false,false,,,
INT-0000436,INTERNAL,BANK,MATCHED,M008-35f3b68f,false,false,,,
INT-0000436,INTERNAL,PROCESSOR,AMOUNT_MISMATCH,M008-35f3b68f,false,false,,,
INT-0000437,INTERNAL,BANK,MATCHED,M014-4a455b81,false,false,,,
INT-0000437,INTERNAL,PROCESSOR,MATCHED,M014-4a455b81,false,false,,,
INT-0000438,INTERNAL,BANK,MATCHED,M008-1dd64b33,false,false,,,
INT-0000438,INTERNAL,PROCESSOR,MATCHED,M008-1dd64b33,false,false,,,
INT-0000439,INTERNAL,BANK,MATCHED,M015-0cc5c0b3,false,false,,,
INT-0000439,INTERNAL,PROCESSOR,MATCHED,M015-0cc5c0b3,false,false,,,
INT-0000440,INTERNAL,BANK,MATCHED,M011-66079367,false,false,,,
INT-0000440,INTERNAL,PROCESSOR,MATCHED,M011-66079367,false,false,,,
INT-0000441,INTERNAL,BANK,MATCHED,M019-a2e376e9,false,false,,,
INT-0000441,INTERNAL,PROCESSOR,MATCHED,M019-a2e376e9,false,false,,,
INT-0000442,INTERNAL,BANK,MATCHED,M012-3ac7d7a7,false,false,,,
INT-0000442,INTERNAL,PROCESSOR,MATCHED,M012-3ac7d7a7,false,false,,,
INT-0000443,INTERNAL,BANK,MATCHED,M002-fe01ce75,false,false,,,
INT-0000443,INTERNAL,PROCESSOR,MATCHED,M002-fe01ce75,false,false,,,
INT-0000444,INTERNAL,BANK,TIMING_DIFFERENCE,M016-8e29e602,false,false,,,
INT-0000444,INTERNAL,PROCESSOR,MATCHED,M016-8e29e602,false,false,,,
INT-0000445,INTERNAL,BANK,MATCHED,M006-de9bb53f,false,false,,,
INT-0000445,INTERNAL,PROCESSOR,MATCHED,M006-de9bb53f,false,false,,,
INT-0000446,INTERNAL,BANK,MATCHED,M010-ba892b3b,false,false,,,
INT-0000446,INTERNAL,PROCESSOR,MATCHED,M010-ba892b3b,false,false,,,
INT-0000447,INTERNAL,BANK,MATCHED,M018-3a5d0b7c,false,false,,,
INT-0000447,INTERNAL,PROCESSOR,AMOUNT_MISMATCH,M018-3a5d0b7c,false,false,,,
INT-0000448,INTERNAL,BANK,MATCHED,M012-5e5b10c7,false,false,,,
INT-0000448,INTERNAL,PROCESSOR,MATCHED,M012-5e5b10c7,false,false,,,
INT-0000449,INTERNAL,BANK,MATCHED,M011-ff652558,false,false,,,
INT-0000449,INTERNAL,PROCESSOR,MATCHED,M011-ff652558,false,false,,,
INT-0000450,INTERNAL,BANK,MATCHED,M017-5a94f348,false,false,,,
INT-0000450,INTERNAL,PROCESSOR,MATCHED,M017-5a94f348,false,false,,,
INT-0000451,INTERNAL,BANK,TIMING_DIFFERENCE,M007-a4bfe513,false,false,,,
INT-0000451,INTERNAL,PROCESSOR,MATCHED,M007-a4bfe513,false,false,,,
INT-0000452,INTERNAL,BANK,MATCHED,M019-5007e2e7,false,false,,,
INT-0000452,INTERNAL,PROCESSOR,MATCHED,M019-5007e2e7,false,false,,,
INT-0000453,INTERNAL,BANK,MATCHED,M007-a04ab220,false,false,,,
INT-0000453,INTERNAL,PROCESSOR,MATCHED,M007-a04ab220,false,false,,,
INT-0000454,INTERNAL,BANK,MATCHED,M004-8926e801,false,false,,,
INT-0000454,INTERNAL,PROCESSOR,MATCHED,M004-8926e801,false,false,,,
INT-0000455,INTERNAL,BANK,MATCHED,M008-f4cece67,false,false,,,
INT-0000455,INTERNAL,PROCESSOR,MATCHED,M008-f4cece67,false,false,,,
INT-0000456,INTERNAL,BANK,MATCHED,M017-c1736ebe,false,false,,,
INT-0000456,INTERNAL,PROCESSOR,MATCHED,M017-c1736ebe,false,false,,,
INT-0000457,INTERNAL,BANK,MATCHED,M017-bc65bfc5,false,false,,,
INT-0000457,INTERNAL,PROCESSOR,MATCHED,M017-bc65bfc5,false,false,,,
INT-0000458,INTERNAL,BANK,MATCHED,M005-f667b388,false,false,,,
INT-0000458,INTERNAL,PROCESSOR,MATCHED,M005-f667b388,false,false,,,
INT-0000459,INTERNAL,BANK,MATCHED,M004-6ad09844,false,false,,,
INT-0000459,INTERNAL,PROCESSOR,MATCHED,M004-6ad09844,false,false,,,
INT-0000460,INTERNAL,BANK,MATCHED,M006-dedd634d,false,false,,,
INT-0000460,INTERNAL,PROCESSOR,MATCHED,M006-dedd634d,false,false,,,
INT-0000461,INTERNAL,BANK,MATCHED,M005-dc843565,false,false,,,
INT-0000461,INTERNAL,PROCESSOR,MATCHED,M005-dc843565,false,false,,,
INT-0000462,INTERNAL,BANK,MATCHED,M018-f306e13d,false,false,,,
INT-0000462,INTERNAL,PROCESSOR,MATCHED,M018-f306e13d,false,false,,,
INT-0000463,INTERNAL,BANK,MATCHED,M010-5bb3f259,false,false,,,
INT-0000463,INTERNAL,PROCESSOR,MATCHED,M010-5bb3f259,false,false,,,
INT-0000464,INTERNAL,BANK,MATCHED,M018-16762882,false,false,,,
INT-0000464,INTERNAL,PROCESSOR,MATCHED,M018-16762882,false,false,,,
INT-0000465,INTERNAL,BANK,MATCHED,M006-e7b7d370,false,false,,,
INT-0000465,INTERNAL,PROCESSOR,MATCHED,M006-e7b7d370,false,false,,,
INT-0000466,INTERNAL,BANK,MATCHED,M004-076b1acd,false,false,,,
INT-0000466,INTERNAL,PROCESSOR,MATCHED,M004-076b1acd,false,false,,,
INT-0000467,INTERNAL,BANK,MATCHED,M018-d2edf85d,false,false,,,
INT-0000467,INTERNAL,PROCESSOR,MATCHED,M018-d2edf85d,false,false,,,
INT-0000468,INTERNAL,BANK,MATCHED,M014-6e732bd0,false,false,,,
INT-0000468,INTERNAL,PROCESSOR,AMOUNT_MISMATCH,M014-6e732bd0,false,false,,,
INT-0000469,INTERNAL,BANK,MATCHED,M007-9d64c090,false,false,,,
INT-0000469,INTERNAL,PROCESSOR,MATCHED,M007-9d64c090,false,false,,,
INT-0000470,INTERNAL,BANK,MATCHED,M011-41291995,false,false,,,
INT-0000470,INTERNAL,PROCESSOR,MATCHED,M011-41291995,false,false,,,
INT-0000471,INTERNAL,BANK,MATCHED,M003-5cd33e9f,false,false,,,
INT-0000471,INTERNAL,PROCESSOR,MATCHED,M003-5cd33e9f,false,false,,,
INT-0000472,INTERNAL,BANK,MATCHED,M013-c6afcc83,false,false,,,
INT-0000472,INTERNAL,PROCESSOR,MATCHED,M013-c6afcc83,false,false,,,
INT-0000473,INTERNAL,BANK,MATCHED,M015-4ec8b45d,false,false,,,
INT-0000473,INTERNAL,PROCESSOR,MATCHED,M015-4ec8b45d,false,false,,,
INT-0000474,INTERNAL,BANK,TIMING_DIFFERENCE,M009-0d21e9e2,false,false,,,
INT-0000474,INTERNAL,PROCESSOR,MATCHED,M009-0d21e9e2,false,false,,,
INT-0000475,INTERNAL,BANK,MATCHED,M013-cb4f2004,false,false,,,
INT-0000475,INTERNAL,PROCESSOR,MATCHED,M013-cb4f2004,false,false,,,
INT-0000476,INTERNAL,BANK,MATCHED,M003-249de87a,false,false,,,
INT-0000476,INTERNAL,PROCESSOR,MATCHED,M003-249de87a,false,false,,,
INT-0000477,INTERNAL,BANK,MATCHED,M002-d9133d26,false,false,,,
INT-0000477,INTERNAL,PROCESSOR,MATCHED,M002-d9133d26,false,false,,,
INT-0000478,INTERNAL,BANK,TIMING_DIFFERENCE,M009-d09ea982,false,false,,,
INT-0000478,INTERNAL,PROCESSOR,MATCHED,M009-d09ea982,false,false,,,
INT-0000479,INTERNAL,BANK,MATCHED,M011-a99b7d87,false,false,,,
INT-0000479,INTERNAL,PROCESSOR,MATCHED,M011-a99b7d87,false,false,,,
INT-0000480,INTERNAL,BANK,MATCHED,M015-6440285b,false,false,,,
INT-0000480,INTERNAL,PROCESSOR,MATCHED,M015-6440285b,false,false,,,
INT-0000481,INTERNAL,BANK,MATCHED,M020-53935fd1,false,false,,,
INT-0000481,INTERNAL,PROCESSOR,MATCHED,M020-53935fd1,false,false,,,
INT-0000482,INTERNAL,BANK,MATCHED,M013-6b9ccc6c,false,false,,,
INT-0000482,INTERNAL,PROCESSOR,MATCHED,M013-6b9ccc6c,false,false,,,
INT-0000483,INTERNAL,BANK,MATCHED,M017-12725b8e,false,false,,,
INT-0000483,INTERNAL,PROCESSOR,MATCHED,M017-12725b8e,false,false,,,
INT-0000484,INTERNAL,BANK,MATCHED,M010-55246fa3,false,false,,,
INT-0000484,INTERNAL,PROCESSOR,MATCHED,M010-55246fa3,false,false,,,
INT-0000485,INTERNAL,BANK,MATCHED,M005-99286c0d,false,false,,,
INT-0000485,INTERNAL,PROCESSOR,MATCHED,M005-99286c0d,false,false,,,
INT-0000486,INTERNAL,BANK,MATCHED,M015-c037c870,false,false,,,
INT-0000486,INTERNAL,PROCESSOR,MATCHED,M015-c037c870,false,false,,,
INT-0000487,INTERNAL,BANK,MATCHED,M015-27e961b1,false,false,,,
INT-0000487,INTERNAL,PROCESSOR,MATCHED,M015-27e961b1,false,false,,,
INT-0000488,INTERNAL,BANK,MATCHED,M004-f4c4e8bc,false,false,,,
INT-0000488,INTERNAL,PROCESSOR,MATCHED,M004-f4c4e8bc,false,false,,,
INT-0000489,INTERNAL,BANK,MATCHED,M003-69a1b31a,false,false,,,
INT-0000489,INTERNAL,PROCESSOR,MATCHED,M003-69a1b31a,false,false,,,
INT-0000490,INTERNAL,BANK,MATCHED,M009-eeeea353,false,false,,,
INT-0000490,INTERNAL,PROCESSOR,MATCHED,M009-eeeea353,false,false,,,
INT-0000491,INTERNAL,BANK,MATCHED,M005-fa6aef15,false,false,,,
INT-0000491,INTERNAL,PROCESSOR,MATCHED,M005-fa6aef15,false,false,,,
INT-0000492,INTERNAL,BANK,MATCHED,M002-2e00fd2d,false,false,,,
INT-0000492,INTERNAL,PROCESSOR,MATCHED,M002-2e00fd2d,false,false,,,
INT-0000493,INTERNAL,BANK,MATCHED,M005-7a9fdc10,false,false,,,
INT-0000493,INTERNAL,PROCESSOR,MATCHED,M005-7a9fdc10,false,false,,,
INT-0000494,INTERNAL,BANK,MATCHED,M020-a0031dff,false,false,,,
INT-0000494,INTERNAL,PROCESSOR,MATCHED,M020-a0031dff,false,false,,,
INT-0000495,INTERNAL,BANK,MATCHED,M004-0c8d2fc3,false,false,,,
INT-0000495,INTERNAL,PROCESSOR,MATCHED,M004-0c8d2fc3,false,false,,,
INT-0000496,INTERNAL,BANK,MATCHED,M013-03f91d80,false,false,,,
INT-0000496,INTERNAL,PROCESSOR,MATCHED,M013-03f91d80,false,false,,,
INT-0000497,INTERNAL,BANK,MATCHED,M008-c391a97c,false,false,,,
INT-0000497,INTERNAL,PROCESSOR,MATCHED,M008-c391a97c,false,false,,,
INT-0000498,INTERNAL,BANK,MATCHED,M019-4f91904a,false,false,,,
INT-0000498,INTERNAL,PROCESSOR,MATCHED,M019-4f91904a,false,false,,,
INT-0000499,INTERNAL,BANK,MATCHED,M002-587c7a43,false,false,,,
INT-0000499,INTERNAL,PROCESSOR,MATCHED,M002-587c7a43,false,false,,,
INT-0000500,INTERNAL,BANK,MATCHED,M017-4e59b08f,false,false,,,
INT-0000500,INTERNAL,PROCESSOR,MISSING_IN_PROCESSOR,M017-4e59b08f,false,false,,,
INT-0000501,INTERNAL,BANK,MATCHED,M004-c2aa24c4,false,false,,,
INT-0000501,INTERNAL,PROCESSOR,MATCHED,M004-c2aa24c4,false,false,,,
INT-0000502,INTERNAL,BANK,MATCHED,M018-e4f36497,false,false,,,
INT-0000502,INTERNAL,PROCESSOR,MATCHED,M018-e4f36497,false,false,,,
INT-0000503,INTERNAL,BANK,MATCHED,M002-ea45ac4e,false,false,,,
INT-0000503,INTERNAL,PROCESSOR,MATCHED,M002-ea45ac4e,false,false,,,
INT-0000504,INTERNAL,BANK,MATCHED,M009-b4703690,false,false,,,
INT-0000504,INTERNAL,PROCESSOR,MATCHED,M009-b4703690,false,false,,,
INT-0000505,INTERNAL,BANK,MATCHED,M004-5e32bc55,false,false,,,
INT-0000505,INTERNAL,PROCESSOR,MATCHED,M004-5e32bc55,false,false,,,
INT-0000506,INTERNAL,BANK,MATCHED,M001-247e1de3,false,false,,,
INT-0000506,INTERNAL,PROCESSOR,AMOUNT_MISMATCH,M001-247e1de3,false,false,,,
INT-0000507,INTERNAL,BANK,MATCHED,M008-eb4c29d9,false,false,,,
INT-0000507,INTERNAL,PROCESSOR,MATCHED,M008-eb4c29d9,false,false,,,
INT-0000508,INTERNAL,BANK,MATCHED,M004-e96f9c23,false,false,,,
INT-0000508,INTERNAL,PROCESSOR,MATCHED,M004-e96f9c23,false,false,,,
INT-0000509,INTERNAL,BANK,MATCHED,M019-8f8c375d,false,false,,,
INT-0000509,INTERNAL,PROCESSOR,MATCHED,M019-8f8c375d,false,false,,,
INT-0000510,INTERNAL,BANK,MATCHED,M001-ac32c49d,false,false,,,
INT-0000510,INTERNAL,PROCESSOR,MATCHED,M001-ac32c49d,false,false,,,
INT-0000511,INTERNAL,BANK,MATCHED,M010-9f4580d0,false,false,,,
INT-0000511,INTERNAL,PROCESSOR,MATCHED,M010-9f4580d0,false,false,,,
INT-0000512,INTERNAL,BANK,MATCHED,M018-d0ed6227,false,false,,,
INT-0000512,INTERNAL,PROCESSOR,MATCHED,M018-d0ed6227,false,false,,,
INT-0000513,INTERNAL,BANK,MATCHED,M007-edbc3729,false,false,,,
INT-0000513,INTERNAL,PROCESSOR,MATCHED,M007-edbc3729,false,false,,,
INT-0000514,INTERNAL,BANK,MATCHED,M019-bd57da8c,false,false,,,
INT-0000514,INTERNAL,PROCESSOR,MATCHED,M019-bd57da8c,false,false,,,
INT-0000515,INTERNAL,BANK,MATCHED,M016-6151b926,false,false,,,
INT-0000515,INTERNAL,PROCESSOR,MATCHED,M016-6151b926,false,false,,,
INT-0000516,INTERNAL,BANK,MATCHED,M010-d212562c,false,false,,,
INT-0000516,INTERNAL,PROCESSOR,MATCHED,M010-d212562c,false,false,,,
INT-0000517,INTERNAL,BANK,MATCHED,M017-4ad7312f,false,false,,,
INT-0000517,INTERNAL,PROCESSOR,MATCHED,M017-4ad7312f,false,false,,,
INT-0000518,INTERNAL,BANK,MATCHED,M013-785e55eb,false,false,,,
INT-0000518,INTERNAL,PROCESSOR,MATCHED,M013-785e55eb,false,false,,,
INT-0000519,INTERNAL,BANK,MATCHED,M005-269b873a,false,false,,,
INT-0000519,INTERNAL,PROCESSOR,MATCHED,M005-269b873a,false,false,,,
INT-0000520,INTERNAL,BANK,MATCHED,M020-edb9f779,false,false,,,
INT-0000520,INTERNAL,PROCESSOR,MATCHED,M020-edb9f779,false,false,,,
INT-0000521,INTERNAL,BANK,MATCHED,M012-c200caf6,false,false,,,
INT-0000521,INTERNAL,PROCESSOR,MATCHED,M012-c200caf6,false,false,,,
INT-0000522,INTERNAL,BANK,MATCHED,M018-f6af0894,false,false,,,
INT-0000522,INTERNAL,PROCESSOR,MATCHED,M018-f6af0894,false,false,,,
INT-0000523,INTERNAL,BANK,MATCHED,M015-f569ca03,false,false,,,
INT-0000523,INTERNAL,PROCESSOR,MATCHED,M015-f569ca03,false,false,,,
INT-0000524,INTERNAL,BANK,MATCHED,M007-93b4398d,false,false,,,
INT-0000524,INTERNAL,PROCESSOR,MATCHED,M007-93b4398d,false,false,,,
INT-0000525,INTERNAL,BANK,MATCHED,M015-a807a7a6,false,false,,,
INT-0000525,INTERNAL,PROCESSOR,MATCHED,M015-a807a7a6,false,false,,,
INT-0000526,INTERNAL,BANK,MATCHED,M009-990846b3,false,false,,,
INT-0000526,INTERNAL,PROCESSOR,MATCHED,M009-990846b3,false,false,,,
INT-0000527,INTERNAL,BANK,MATCHED,M011-d82ef9b1,false,false,,,
INT-0000527,INTERNAL,PROCESSOR,MATCHED,M011-d82ef9b1,false,false,,,
INT-0000528,INTERNAL,BANK,MATCHED,M020-ffa47837,false,false,,,
INT-0000528,INTERNAL,PROCESSOR,MATCHED,M020-ffa47837,false,false,,,
INT-0000529,INTERNAL,BANK,MATCHED,M008-74fbfb16,false,false,,,
INT-0000529,INTERNAL,PROCESSOR,MATCHED,M008-74fbfb16,false,false,,,
INT-0000530,INTERNAL,BANK,MATCHED,M008-61a128b3,false,false,,,
INT-0000530,INTERNAL,PROCESSOR,MATCHED,M008-61a128b3,false,false,,,
INT-0000531,INTERNAL,BANK,MATCHED,M017-34c496af,false,false,,,
INT-0000531,INTERNAL,PROCESSOR,MATCHED,M017-34c496af,false,false,,,
INT-0000532,INTERNAL,BANK,MATCHED,M016-6b0ff663,false,false,,,
INT-0000532,INTERNAL,PROCESSOR,MATCHED,M016-6b0ff663,false,false,,,
INT-0000533,INTERNAL,BANK,TIMING_DIFFERENCE,M015-a436ab2d,false,false,,,
INT-0000533,INTERNAL,PROCESSOR,MATCHED,M015-a436ab2d,false,false,,,
INT-0000534,INTERNAL,BANK,MATCHED,M010-f8a906f5,false,false,,,
INT-0000534,INTERNAL,PROCESSOR,MATCHED,M010-f8a906f5,false,false,,,
INT-0000535,INTERNAL,BANK,MATCHED,M012-2140fe88,false,false,,,
INT-0000535,INTERNAL,PROCESSOR,MATCHED,M012-2140fe88,false,false,,,
INT-0000536,INTERNAL,BANK,MATCHED,M014-84e66740,false,false,,,
INT-0000536,INTERNAL,PROCESSOR,MATCHED,M014-84e66740,false,false,,,
INT-0000537,INTERNAL,BANK,MATCHED,M019-db0dd13f,false,false,,,
INT-0000537,INTERNAL,PROCESSOR,MATCHED,M019-db0dd13f,false,false,,,
INT-0000538,INTERNAL,BANK,MATCHED,M002-ff54c4d8,false,false,,,
INT-0000538,INTERNAL,PROCESSOR,MATCHED,M002-ff54c4d8,false,false,,,
INT-0000539,INTERNAL,BANK,MATCHED,M008-b356402a,false,false,,,
INT-0000539,INTERNAL,PROCESSOR,MATCHED,M008-b356402a,false,false,,,
INT-0000540,INTERNAL,BANK,MATCHED,M008-512ff6d9,false,false,,,
INT-0000540,INTERNAL,PROCESSOR,MATCHED,M008-512ff6d9,false,false,,,
INT-0000541,INTERNAL,BANK,MATCHED,M007-ef51b6a3,false,false,,,
INT-0000541,INTERNAL,PROCESSOR,MATCHED,M007-ef51b6a3,false,false,,,
INT-0000542,INTERNAL,BANK,MATCHED,M015-4180fd14,false,false,,,
INT-0000542,INTERNAL,PROCESSOR,MATCHED,M015-4180fd14,false,false,,,
INT-0000543,INTERNAL,BANK,MATCHED,M014-bc4d8b92,false,false,,,
INT-0000543,INTERNAL,PROCESSOR,MATCHED,M014-bc4d8b92,false,false,,,
INT-0000544,INTERNAL,BANK,MATCHED,M011-e53b1704,false,false,,,
INT-0000544,INTERNAL,PROCESSOR,MATCHED,M011-e53b1704,false,false,,,
INT-0000545,INTERNAL,BANK,MATCHED,M010-177e8fec,false,false,,,
INT-0000545,INTERNAL,PROCESSOR,MATCHED,M010-177e8fec,false,false,,,
INT-0000546,INTERNAL,BANK,MATCHED,M006-e41d62ef,false,false,,,
INT-0000546,INTERNAL,PROCESSOR,MATCHED,M006-e41d62ef,false,false,,,
INT-0000547,INTERNAL,BANK,MATCHED,M020-0dd737ea,false,false,,,
INT-0000547,INTERNAL,PROCESSOR,MATCHED,M020-0dd737ea,false,false,,,
INT-0000548,INTERNAL,BANK,MATCHED,M011-5a2a038d,false,false,,,
INT-0000548,INTERNAL,PROCESSOR,MATCHED,M011-5a2a038d,false,false,,,
INT-0000549,INTERNAL,BANK,MATCHED,M006-e3a65948,false,false,,,
INT-0000549,INTERNAL,PROCESSOR,MATCHED,M006-e3a65948,false,false,,,
INT-0000550,INTERNAL,BANK,MATCHED,M019-98e656e4,false,false,,,
INT-0000550,INTERNAL,PROCESSOR,MATCHED,M019-98e656e4,false,false,,,
INT-0000551,INTERNAL,BANK,MATCHED,M011-cfc4b1d8,false,false,,,
INT-0000551,INTERNAL,PROCESSOR,MATCHED,M011-cfc4b1d8,false,false,,,
INT-0000552,INTERNAL,BANK,MATCHED,M017-c844be64,false,false,,,
INT-0000552,INTERNAL,PROCESSOR,MATCHED,M017-c844be64,false,false,,,
INT-0000553,INTERNAL,BANK,MATCHED,M011-5282639f,false,false,,,
INT-0000553,INTERNAL,PROCESSOR,MATCHED,M011-5282639f,false,false,,,
INT-0000554,INTERNAL,BANK,MATCHED,M008-b1310582,false,false,,,
INT-0000554,INTERNAL,PROCESSOR,MATCHED,M008-b1310582,false,false,,,
INT-0000555,INTERNAL,BANK,MATCHED,M019-fae1983c,false,false,,,
INT-0000555,INTERNAL,PROCESSOR,MATCHED,M019-fae1983c,false,false,,,
INT-0000556,INTERNAL,BANK,TIMING_DIFFERENCE,M012-6a988271,false,false,,,
INT-0000556,INTERNAL,PROCESSOR,MATCHED,M012-6a988271,false,false,,,
INT-0000557,INTERNAL,BANK,MATCHED,M012-a8759535,false,false,,,
INT-0000557,INTERNAL,PROCESSOR,AMOUNT_MISMATCH,M012-a8759535,false,false,,,
INT-0000558,INTERNAL,BANK,MATCHED,M005-e51b20a4,false,false,,,
INT-0000558,INTERNAL,PROCESSOR,AMOUNT_MISMATCH,M005-e51b20a4,false,false,,,
INT-0000559,INTERNAL,BANK,MATCHED,M005-5d49a54e,false,false,,,
INT-0000559,INTERNAL,PROCESSOR,MATCHED,M005-5d49a54e,false,false,,,
INT-0000560,INTERNAL,BANK,MATCHED,M013-c4a7cb2a,false,false,,,
INT-0000560,INTERNAL,PROCESSOR,MATCHED,M013-c4a7cb2a,false,false,,,
INT-0000561,INTERNAL,BANK,MATCHED,M015-3834aad0,false,false,,,
INT-0000561,INTERNAL,PROCESSOR,MATCHED,M015-3834aad0,false,false,,,
INT-0000562,INTERNAL,BANK,MATCHED,M004-8a1483bb,false,false,,,
INT-0000562,INTERNAL,PROCESSOR,MATCHED,M004-8a1483bb,false,false,,,
INT-0000563,INTERNAL,BANK,MATCHED,M005-1a9a3a1b,false,false,,,
INT-0000563,INTERNAL,PROCESSOR,MATCHED,M005-1a9a3a1b,false,false,,,
INT-0000564,INTERNAL,BANK,MATCHED,M017-be842926,false,false,,,
INT-0000564,INTERNAL,PROCESSOR,MATCHED,M017-be842926,false,false,,,
INT-0000565,INTERNAL,BANK,MATCHED,M014-95d24734,false,false,,,
INT-0000565,INTERNAL,PROCESSOR,MATCHED,M014-95d24734,false,false,,,
INT-0000566,INTERNAL,BANK,MATCHED,M015-17074c45,false,false,,,
INT-0000566,INTERNAL,PROCESSOR,MATCHED,M015-17074c45,false,false,,,
INT-0000567,INTERNAL,BANK,MATCHED,M019-07a9f1bd,false,false,,,
INT-0000567,INTERNAL,PROCESSOR,MATCHED,M019-07a9f1bd,false,false,,,
INT-0000568,INTERNAL,BANK,MATCHED,M020-a0f40afc,false,false,,,
INT-0000568,INTERNAL,PROCESSOR,MATCHED,M020-a0f40afc,false,false,,,
INT-0000569,INTERNAL,BANK,MATCHED,M001-f22ca78e,false,false,,,
INT-0000569,INTERNAL,PROCESSOR,MATCHED,M001-f22ca78e,false,false,,,
INT-0000570,INTERNAL,BANK,MATCHED,M015-bf6d2d3b,false,false,,,
INT-0000570,INTERNAL,PROCESSOR,MATCHED,M015-bf6d2d3b,false,false,,,
INT-0000571,INTERNAL,BANK,MATCHED,M018-7777a0c8,false,false,,,
INT-0000571,INTERNAL,PROCESSOR,MATCHED,M018-7777a0c8,false,false,,,
INT-0000572,INTERNAL,BANK,MATCHED,M001-c95fee9c,false,false,,,
INT-0000572,INTERNAL,PROCESSOR,AMOUNT_MISMATCH,M001-c95fee9c,false,false,,,
INT-0000573,INTERNAL,BANK,MATCHED,M006-578b3a0b,false,false,,,
INT-0000573,INTERNAL,PROCESSOR,MATCHED,M006-578b3a0b,false,false,,,
INT-0000574,INTERNAL,BANK,MATCHED,M013-aa94502e,false,false,,,
INT-0000574,INTERNAL,PROCESSOR,MATCHED,M013-aa94502e,false,false,,,
INT-0000575,INTERNAL,BANK,MATCHED,M011-30b6d8a8,false,false,,,
INT-0000575,INTERNAL,PROCESSOR,MATCHED,M011-30b6d8a8,false,false,,,
INT-0000576,INTERNAL,BANK,MATCHED,M003-b2c80bd0,false,false,,,
INT-0000576,INTERNAL,PROCESSOR,MATCHED,M003-b2c80bd0,false,false,,,
INT-0000577,INTERNAL,BANK,TIMING_DIFFERENCE,M009-17e3a28b,false,false,,,
INT-0000577,INTERNAL,PROCESSOR,MATCHED,M009-17e3a28b,false,false,,,
INT-0000578,INTERNAL,BANK,MATCHED,M015-58af8d62,false,false,,,
INT-0000578,INTERNAL,PROCESSOR,MATCHED,M015-58af8d62,false,false,,,
INT-0000579,INTERNAL,BANK,MATCHED,M001-a5dd9d60,false,false,,,
INT-0000579,INTERNAL,PROCESSOR,MATCHED,M001-a5dd9d60,false,false,,,
INT-0000580,INTERNAL,BANK,MATCHED,M018-e500ba01,false,false,,,
INT-0000580,INTERNAL,PROCESSOR,MATCHED,M018-e500ba01,false,false,,,
INT-0000581,INTERNAL,BANK,MATCHED,M008-e6273773,false,false,,,
INT-0000581,INTERNAL,PROCESSOR,MATCHED,M008-e6273773,false,false,,,
INT-0000582,INTERNAL,BANK,MATCHED,M004-f5cf5ace,false,false,,,
INT-0000582,INTERNAL,PROCESSOR,MATCHED,M004-f5cf5ace,false,false,,,
INT-0000583,INTERNAL,BANK,MATCHED,M004-f327b42d,false,false,,,
INT-0000583,INTERNAL,PROCESSOR,MATCHED,M004-f327b42d,false,false,,,
INT-0000584,INTERNAL,BANK,MATCHED,M016-df5e935a,false,false,,,
INT-0000584,INTERNAL,PROCESSOR,MATCHED,M016-df5e935a,false,false,,,
INT-0000585,INTERNAL,BANK,MISSING_IN_BANK,M020-cfd467ba,false,false,,,
INT-0000585,INTERNAL,PROCESSOR,MATCHED,M020-cfd467ba,false,false,,,
INT-0000586,INTERNAL,BANK,MATCHED,M010-ee0c21d6,false,false,,,
INT-0000586,INTERNAL,PROCESSOR,AMOUNT_MISMATCH,M010-ee0c21d6,false,false,,,
INT-0000587,INTERNAL,BANK,MATCHED,M007-6b68607a,false,false,,,
INT-0000587,INTERNAL,PROCESSOR,MATCHED,M007-6b68607a,false,false,,,
INT-0000588,INTERNAL,BANK,MATCHED,M017-030cdeb0,false,false,,,
INT-0000588,INTERNAL,PROCESSOR,MATCHED,M017-030cdeb0,false,false,,,
INT-0000589,INTERNAL,BANK,MATCHED,M020-15ea8e09,false,false,,,
INT-0000589,INTERNAL,PROCESSOR,MATCHED,M020-15ea8e09,false,false,,,
INT-0000590,INTERNAL,BANK,MATCHED,M012-e0d3f238,false,false,,,
INT-0000590,INTERNAL,PROCESSOR,AMOUNT_MISMATCH,M012-e0d3f238,false,false,,,
INT-0000591,INTERNAL,BANK,MATCHED,M013-0d502577,false,false,,,
INT-0000591,INTERNAL,PROCESSOR,MATCHED,M013-0d502577,false,false,,,
INT-0000592,INTERNAL,BANK,MATCHED,M011-bd4f6906,false,false,,,
INT-0000592,INTERNAL,PROCESSOR,MATCHED,M011-bd4f6906,false,false,,,
INT-0000593,INTERNAL,BANK,MATCHED,M014-791ac7dc,false,false,,,
INT-0000593,INTERNAL,PROCESSOR,MATCHED,M014-791ac7dc,false,false,,,
INT-0000594,INTERNAL,BANK,MATCHED,M004-3f121614,false,false,,,
INT-0000594,INTERNAL,PROCESSOR,MATCHED,M004-3f121614,false,false,,,
INT-0000595,INTERNAL,BANK,MATCHED,M020-dc78b4ae,false,false,,,
INT-0000595,INTERNAL,PROCESSOR,MATCHED,M020-dc78b4ae,false,false,,,
INT-0000596,INTERNAL,BANK,MATCHED,M006-e1967f9b,false,false,,,
INT-0000596,INTERNAL,PROCESSOR,MATCHED,M006-e1967f9b,false,false,,,
INT-0000597,INTERNAL,BANK,MATCHED,M018-7405f508,false,false,,,
INT-0000597,INTERNAL,PROCESSOR,MATCHED,M018-7405f508,false,false,,,
INT-0000598,INTERNAL,BANK,MATCHED,M007-7a4d8baa,false,false,,,
INT-0000598,INTERNAL,PROCESSOR,MATCHED,M007-7a4d8baa,false,false,,,
INT-0000599,INTERNAL,BANK,MATCHED,M017-f072fe6f,false,false,,,
INT-0000599,INTERNAL,PROCESSOR,MATCHED,M017-f072fe6f,false,false,,,
INT-0000600,INTERNAL,BANK,MATCHED,M004-0a56c206,false,false,,,
INT-0000600,INTERNAL,PROCESSOR,MATCHED,M004-0a56c206,false,false,,,
INT-0000601,INTERNAL,BANK,MATCHED,M010-5eb36c86,false,false,,,
INT-0000601,INTERNAL,PROCESSOR,MATCHED,M010-5eb36c86,false,false,,,
INT-0000602,INTERNAL,BANK,MATCHED,M019-78cd3d55,false,false,,,
INT-0000602,INTERNAL,PROCESSOR,MATCHED,M019-78cd3d55,false,false,,,
INT-0000603,INTERNAL,BANK,MATCHED,M009-46f56754,false,false,,,
INT-0000603,INTERNAL,PROCESSOR,MATCHED,M009-46f56754,false,false,,,
INT-0000604,INTERNAL,BANK,MATCHED,M016-27200323,false,false,,,
INT-0000604,INTERNAL,PROCESSOR,MATCHED,M016-27200323,false,false,,,
INT-0000605,INTERNAL,BANK,MATCHED,M008-bcd51966,false,false,,,
INT-0000605,INTERNAL,PROCESSOR,MATCHED,M008-bcd51966,false,false,,,
INT-0000606,INTERNAL,BANK,MATCHED,M013-df72fdd8,false,false,,,
INT-0000606,INTERNAL,PROCESSOR,MATCHED,M013-df72fdd8,false,false,,,
INT-0000607,INTERNAL,BANK,MATCHED,M014-1efb0f59,false,false,,,
INT-0000607,INTERNAL,PROCESSOR,MATCHED,M014-1efb0f59,false,false,,,
INT-0000608,INTERNAL,BANK,MATCHED,M016-5eebf8ac,false,false,,,
INT-0000608,INTERNAL,PROCESSOR,MATCHED,M016-5eebf8ac,false,false,,,
INT-0000609,INTERNAL,BANK,MATCHED,M015-2b94baad,false,false,,,
INT-0000609,INTERNAL,PROCESSOR,MATCHED,M015-2b94baad,false,false,,,
INT-0000610,INTERNAL,BANK,MATCHED,M001-b7cac4e1,false,false,,,
INT-0000610,INTERNAL,PROCESSOR,MATCHED,M001-b7cac4e1,false,false,,,
INT-0000611,INTERNAL,BANK,MATCHED,M020-429bdf9c,false,false,,,
INT-0000611,INTERNAL,PROCESSOR,MATCHED,M020-429bdf9c,false,false,,,
INT-0000612,INTERNAL,BANK,MATCHED,M012-77f85f36,false,false,,,
INT-0000612,INTERNAL,PROCESSOR,MATCHED,M012-77f85f36,false,false,,,
INT-0000613,INTERNAL,BANK,MATCHED,M003-233bf7f2,false,false,,,
INT-0000613,INTERNAL,PROCESSOR,MATCHED,M003-233bf7f2,false,false,,,
INT-0000614,INTERNAL,BANK,MATCHED,M016-f4156f47,false,false,,,
INT-0000614,INTERNAL,PROCESSOR,MATCHED,M016-f4156f47,false,false,,,
INT-0000615,INTERNAL,BANK,MATCHED,M015-87939185,false,false,,,
INT-0000615,INTERNAL,PROCESSOR,MATCHED,M015-87939185,false,false,,,
INT-0000616,INTERNAL,BANK,MATCHED,M005-046b991a,false,false,,,
INT-0000616,INTERNAL,PROCESSOR,MATCHED,M005-046b991a,false,false,,,
INT-0000617,INTERNAL,BANK,MATCHED,M003-e483476e,false,false,,,
INT-0000617,INTERNAL,PROCESSOR,MATCHED,M003-e483476e,false,false,,,
INT-0000618,INTERNAL,BANK,TIMING_DIFFERENCE,M011-c5548c0f,false,false,,,
INT-0000618,INTERNAL,PROCESSOR,MATCHED,M011-c5548c0f,false,false,,,
INT-0000619,INTERNAL,BANK,TIMING_DIFFERENCE,M014-771a22cb,false,false,,,
INT-0000619,INTERNAL,PROCESSOR,MATCHED,M014-771a22cb,false,false,,,
INT-0000620,INTERNAL,BANK,MATCHED,M017-3fea2a23,false,false,,,
INT-0000620,INTERNAL,PROCESSOR,MATCHED,M017-3fea2a23,false,false,,,
INT-0000621,INTERNAL,BANK,MATCHED,M011-1ab3f7f3,false,false,,,
INT-0000621,INTERNAL,PROCESSOR,MATCHED,M011-1ab3f7f3,false,false,,,
INT-0000622,INTERNAL,BANK,TIMING_DIFFERENCE,M005-00258863,false,false,,,
INT-0000622,INTERNAL,PROCESSOR,MATCHED,M005-00258863,false,false,,,
INT-0000623,INTERNAL,BANK,MATCHED,M008-6d133751,false,false,,,
INT-0000623,INTERNAL,PROCESSOR,MATCHED,M008-6d133751,false,false,,,
INT-0000624,INTERNAL,BANK,MATCHED,M004-cbf172e1,false,false,,,
INT-0000624,INTERNAL,PROCESSOR,MATCHED,M004-cbf172e1,false,false,,,
INT-0000625,INTERNAL,BANK,MATCHED,M014-d51af040,false,false,,,
INT-0000625,INTERNAL,PROCESSOR,MATCHED,M014-d51af040,false,false,,,
INT-0000626,INTERNAL,BANK,MATCHED,M009-fe293840,false,false,,,
INT-0000626,INTERNAL,PROCESSOR,MATCHED,M009-fe293840,false,false,,,
INT-0000627,INTERNAL,BANK,MATCHED,M008-7ba849b7,false,false,,,
INT-0000627,INTERNAL,PROCESSOR,MATCHED,M008-7ba849b7,false,false,,,
INT-0000628,INTERNAL,BANK,MATCHED,M019-ae895cb7,false,false,,,
INT-0000628,INTERNAL,PROCESSOR,MATCHED,M019-ae895cb7,false,false,,,
INT-0000629,INTERNAL,BANK,MATCHED,M015-819ffdf0,false,false,,,
INT-0000629,INTERNAL,PROCESSOR,MATCHED,M015-819ffdf0,false,false,,,
INT-0000630,INTERNAL,BANK,MATCHED,M010-fc0ab620,false,false,,,
INT-0000630,INTERNAL,PROCESSOR,MATCHED,M010-fc0ab620,false,false,,,
INT-0000631,INTERNAL,BANK,MATCHED,M016-52c0bc31,false,false,,,
INT-0000631,INTERNAL,PROCESSOR,AMOUNT_MISMATCH,M016-52c0bc31,false,false,,,
INT-0000632,INTERNAL,BANK,MATCHED,M020-325628ed,false,false,,,
INT-0000632,INTERNAL,PROCESSOR,MATCHED,M020-325628ed,false,false,,,
INT-0000633,INTERNAL,BANK,MATCHED,M005-b032e3a5,false,false,,,
INT-0000633,INTERNAL,PROCESSOR,MATCHED,M005-b032e3a5,false,false,,,
INT-0000634,INTERNAL,BANK,MATCHED,M005-6432cbf2,false,false,,,
INT-0000634,INTERNAL,PROCESSOR,MATCHED,M005-6432cbf2,false,false,,,
INT-0000635,INTERNAL,BANK,MATCHED,M006-a897e8d9,false,false,,,
INT-0000635,INTERNAL,PROCESSOR,MATCHED,M006-a897e8d9,false,false,,,
INT-0000636,INTERNAL,BANK,MATCHED,M008-fbc28f18,false,false,,,
INT-0000636,INTERNAL,PROCESSOR,MATCHED,M008-fbc28f18,false,false,,,
INT-0000637,INTERNAL,BANK,MATCHED,M010-f4a1df65,false,false,,,
INT-0000637,INTERNAL,PROCESSOR,MATCHED,M010-f4a1df65,false,false,,,
INT-0000638,INTERNAL,BANK,MATCHED,M016-93ef4c0b,false,false,,,
INT-0000638,INTERNAL,PROCESSOR,MATCHED,M016-93ef4c0b,false,false,,,
INT-0000639,INTERNAL,BANK,MATCHED,M009-5f79e358,false,false,,,
INT-0000639,INTERNAL,PROCESSOR,MATCHED,M009-5f79e358,false,false,,,
INT-0000640,INTERNAL,BANK,MISSING_IN_BANK,M018-dbb28fde,false,false,,,
INT-0000640,INTERNAL,PROCESSOR,MATCHED,M018-dbb28fde,false,false,,,
INT-0000641,INTERNAL,BANK,MATCHED,M012-1f871a0a,false,false,,,
INT-0000641,INTERNAL,PROCESSOR,MATCHED,M012-1f871a0a,false,false,,,
INT-0000642,INTERNAL,BANK,MATCHED,M017-b923e7b8,false,false,,,
INT-0000642,INTERNAL,PROCESSOR,MATCHED,M017-b923e7b8,false,false,,,
INT-0000643,INTERNAL,BANK,MATCHED,M002-6cd9bba6,false,false,,,
INT-0000643,INTERNAL,PROCESSOR,AMOUNT_MISMATCH,M002-6cd9bba6,false,false,,,
INT-0000644,INTERNAL,BANK,MATCHED,M016-f0661a54,false,false,,,
INT-0000644,INTERNAL,PROCESSOR,MATCHED,M016-f0661a54,false,false,,,
INT-0000645,INTERNAL,BANK,MATCHED,M012-6e5a2af6,false,false,,,
INT-0000645,INTERNAL,PROCESSOR,MATCHED,M012-6e5a2af6,false,false,,,
INT-0000646,INTERNAL,BANK,MATCHED,M018-ea25bcb2,false,false,,,
INT-0000646,INTERNAL,PROCESSOR,MATCHED,M018-ea25bcb2,false,false,,,
INT-0000647,INTERNAL,BANK,MATCHED,M015-8f4642cd,false,false,,,
INT-0000647,INTERNAL,PROCESSOR,AMOUNT_MISMATCH,M015-8f4642cd,false,false,,,
INT-0000648,INTERNAL,BANK,MISSING_IN_BANK,M002-d3eddac8,false,false,,,
INT-0000648,INTERNAL,PROCESSOR,MATCHED,M002-d3eddac8,false,false,,,
INT-0000649,INTERNAL,BANK,MATCHED,M017-b6b1bb59,false,false,,,
INT-0000649,INTERNAL,PROCESSOR,MATCHED,M017-b6b1bb59,false,false,,,
INT-0000650,INTERNAL,BANK,MATCHED,M007-38fda97e,false,false,,,
INT-0000650,INTERNAL,PROCESSOR,MATCHED,M007-38fda97e,false,false,,,
INT-0000651,INTERNAL,BANK,MATCHED,M012-93f4b55a,false,false,,,
INT-0000651,INTERNAL,PROCESSOR,MATCHED,M012-93f4b55a,false,false,,,
INT-0000652,INTERNAL,BANK,MATCHED,M008-e4822fde,false,false,,,
INT-0000652,INTERNAL,PROCESSOR,MATCHED,M008-e4822fde,false,false,,,
INT-0000653,INTERNAL,BANK,MATCHED,M012-322c2b9b,false,false,,,
INT-0000653,INTERNAL,PROCESSOR,MATCHED,M012-322c2b9b,false,false,,,
INT-0000654,INTERNAL,BANK,MATCHED,M009-27be5d04,false,false,,,
INT-0000654,INTERNAL,PROCESSOR,MATCHED,M009-27be5d04,false,false,,,
INT-0000655,INTERNAL,BANK,MATCHED,M012-ad4d4f86,false,false,,,
INT-0000655,INTERNAL,PROCESSOR,MATCHED,M012-ad4d4f86,false,false,,,
INT-0000656,INTERNAL,BANK,MATCHED,M014-81264a12,false,false,,,
INT-0000656,INTERNAL,PROCESSOR,MATCHED,M014-81264a12,false,false,,,
INT-0000657,INTERNAL,BANK,MATCHED,M017-96176412,false,false,,,
INT-0000657,INTERNAL,PROCESSOR,MATCHED,M017-96176412,false,false,,,
INT-0000658,INTERNAL,BANK,MATCHED,M018-fac1d1cb,false,false,,,
INT-0000658,INTERNAL,PROCESSOR,AMOUNT_MISMATCH,M018-fac1d1cb,false,false,,,
INT-0000659,INTERNAL,BANK,MATCHED,M020-1450c057,false,false,,,
INT-0000659,INTERNAL,PROCESSOR,MATCHED,M020-1450c057,false,false,,,
INT-0000660,INTERNAL,BANK,MATCHED,M020-50df16f2,false,false,,,
INT-0000660,INTERNAL,PROCESSOR,MATCHED,M020-50df16f2,false,false,,,
INT-0000661,INTERNAL,BANK,MATCHED,M013-e71e5cf2,false,false,,,
INT-0000661,INTERNAL,PROCESSOR,MATCHED,M013-e71e5cf2,false,false,,,
INT-0000662,INTERNAL,BANK,MATCHED,M019-cb78f134,false,false,,,
INT-0000662,INTERNAL,PROCESSOR,MATCHED,M019-cb78f134,false,false,,,
INT-0000663,INTERNAL,BANK,MATCHED,M001-ec9d6107,false,false,,,
INT-0000663,INTERNAL,PROCESSOR,MATCHED,M001-ec9d6107,false,false,,,
INT-0000664,INTERNAL,BANK,MATCHED,M004-724bd0b3,false,false,,,
INT-0000664,INTERNAL,PROCESSOR,MATCHED,M004-724bd0b3,false,false,,,
INT-0000665,INTERNAL,BANK,MATCHED,M015-3e2fbb32,false,false,,,
INT-0000665,INTERNAL,PROCESSOR,MATCHED,M015-3e2fbb32,false,false,,,
INT-0000666,INTERNAL,BANK,MATCHED,M020-6f4f56a7,false,false,,,
INT-0000666,INTERNAL,PROCESSOR,MATCHED,M020-6f4f56a7,false,false,,,
INT-0000667,INTERNAL,BANK,MATCHED,M010-dc7fdfbf,false,false,,,
INT-0000667,INTERNAL,PROCESSOR,MATCHED,M010-dc7fdfbf,false,false,,,
INT-0000668,INTERNAL,BANK,MATCHED,M007-956226b4,false,false,,,
INT-0000668,INTERNAL,PROCESSOR,MATCHED,M007-956226b4,false,false,,,
INT-0000669,INTERNAL,BANK,MATCHED,M003-a596e733,false,false,,,
INT-0000669,INTERNAL,PROCESSOR,MATCHED,M003-a596e733,false,false,,,
INT-0000670,INTERNAL,BANK,MISSING_IN_BANK,M001-e955d524,false,false,,,
INT-0000670,INTERNAL,PROCESSOR,MATCHED,M001-e955d524,false,false,,,
INT-0000671,INTERNAL,BANK,MATCHED,M014-082c8f24,false,false,,,
INT-0000671,INTERNAL,PROCESSOR,MATCHED,M014-082c8f24,false,false,,,
INT-0000672,INTERNAL,BANK,MATCHED,M006-b1462115,false,false,,,
INT-0000672,INTERNAL,PROCESSOR,MATCHED,M006-b1462115,false,false,,,
INT-0000673,INTERNAL,BANK,MATCHED,M009-6ba2f4be,false,false,,,
INT-0000673,INTERNAL,PROCESSOR,MATCHED,M009-6ba2f4be,false,false,,,
INT-0000674,INTERNAL,BANK,MATCHED,M016-27556a37,false,false,,,
INT-0000674,INTERNAL,PROCESSOR,MATCHED,M016-27556a37,false,false,,,
INT-0000675,INTERNAL,BANK,MATCHED,M011-bb2b9b7c,false,false,,,
INT-0000675,INTERNAL,PROCESSOR,MATCHED,M011-bb2b9b7c,false,false,,,
INT-0000676,INTERNAL,BANK,MATCHED,M019-90482a0f,false,false,,,
INT-0000676,INTERNAL,PROCESSOR,MATCHED,M019-90482a0f,false,false,,,
INT-0000677,INTERNAL,BANK,MATCHED,M018-88f657eb,false,false,,,
INT-0000677,INTERNAL,PROCESSOR,MATCHED,M018-88f657eb,false,false,,,
INT-0000678,INTERNAL,BANK,MATCHED,M001-03ff9e25,false,false,,,
INT-0000678,INTERNAL,PROCESSOR,MATCHED,M001-03ff9e25,false,false,,,
INT-0000679,INTERNAL,BANK,MATCHED,M005-c028716e,false,false,,,
INT-0000679,INTERNAL,PROCESSOR,MATCHED,M005-c028716e,false,false,,,
INT-0000680,INTERNAL,BANK,MATCHED,M011-cf68f5a8,false,false,,,
INT-0000680,INTERNAL,PROCESSOR,MATCHED,M011-cf68f5a8,false,false,,,
INT-0000681,INTERNAL,BANK,MATCHED,M017-0e9d6be1,false,false,,,
INT-0000681,INTERNAL,PROCESSOR,MATCHED,M017-0e9d6be1,false,false,,,
INT-0000682,INTERNAL,BANK,MATCHED,M009-19d48dbe,false,false,,,
INT-0000682,INTERNAL,PROCESSOR,MATCHED,M009-19d48dbe,false,false,,,
INT-0000683,INTERNAL,BANK,MATCHED,M018-3208d327,false,false,,,
INT-0000683,INTERNAL,PROCESSOR,MATCHED,M018-3208d327,false,false,,,
INT-0000684,INTERNAL,BANK,MATCHED,M007-2127a74a,false,false,,,
INT-0000684,INTERNAL,PROCESSOR,MATCHED,M007-2127a74a,false,false,,,
INT-0000685,INTERNAL,BANK,MATCHED,M015-7f2013e4,false,false,,,
INT-0000685,INTERNAL,PROCESSOR,MATCHED,M015-7f2013e4,false,false,,,
INT-0000686,INTERNAL,BANK,MATCHED,M005-1c899da3,false,false,,,
INT-0000686,INTERNAL,PROCESSOR,MATCHED,M005-1c899da3,false,false,,,
INT-0000687,INTERNAL,BANK,MATCHED,M019-bb23f8ca,false,false,,,
INT-0000687,INTERNAL,PROCESSOR,MATCHED,M019-bb23f8ca,false,false,,,
INT-0000688,INTERNAL,BANK,MATCHED,M018-853074b0,false,false,,,
INT-0000688,INTERNAL,PROCESSOR,MATCHED,M018-853074b0,false,false,,,
INT-0000689,INTERNAL,BANK,MATCHED,M018-f27608f4,false,false,,,
INT-0000689,INTERNAL,PROCESSOR,MATCHED,M018-f27608f4,false,false,,,
INT-0000690,INTERNAL,BANK,MATCHED,M017-4331f793,false,false,,,
INT-0000690,INTERNAL,PROCESSOR,MATCHED,M017-4331f793,false,false,,,
INT-0000691,INTERNAL,BANK,MATCHED,M003-b7413d49,false,false,,,
INT-0000691,INTERNAL,PROCESSOR,MATCHED,M003-b7413d49,false,false,,,
INT-0000692,INTERNAL,BANK,MATCHED,M008-c51a6f88,false,false,,,
INT-0000692,INTERNAL,PROCESSOR,MATCHED,M008-c51a6f88,false,false,,,
INT-0000693,INTERNAL,BANK,MATCHED,M007-461ee001,false,false,,,
INT-0000693,INTERNAL,PROCESSOR,MATCHED,M007-461ee001,false,false,,,
INT-0000694,INTERNAL,BANK,MATCHED,M004-9b6f9e79,false,false,,,
INT-0000694,INTERNAL,PROCESSOR,MATCHED,M004-9b6f9e79,false,false,,,
INT-0000695,INTERNAL,BANK,MATCHED,M017-9c3a4fde,false,false,,,
INT-0000695,INTERNAL,PROCESSOR,MATCHED,M017-9c3a4fde,false,false,,,
INT-0000696,INTERNAL,BANK,MATCHED,M015-b5b4016a,false,false,,,
INT-0000696,INTERNAL,PROCESSOR,MATCHED,M015-b5b4016a,false,false,,,
INT-0000697,INTERNAL,BANK,MATCHED,M006-d77a0a80,false,false,,,
INT-0000697,INTERNAL,PROCESSOR,MATCHED,M006-d77a0a80,false,false,,,
INT-0000698,INTERNAL,BANK,MATCHED,M007-7c400712,false,false,,,
INT-0000698,INTERNAL,PROCESSOR,MATCHED,M007-7c400712,false,false,,,
INT-0000699,INTERNAL,BANK,MATCHED,M014-27557721,false,false,,,
INT-0000699,INTERNAL,PROCESSOR,MATCHED,M014-27557721,false,false,,,
INT-0000700,INTERNAL,BANK,MATCHED,M003-12942542,false,false,,,
INT-0000700,INTERNAL,PROCESSOR,MATCHED,M003-12942542,false,false,,,
INT-0000701,INTERNAL,BANK,MATCHED,M010-9a11346c,false,false,,,
INT-0000701,INTERNAL,PROCESSOR,MATCHED,M010-9a11346c,false,false,,,
INT-0000702,INTERNAL,BANK,MATCHED,M007-1e850681,false,false,,,
INT-0000702,INTERNAL,PROCESSOR,MATCHED,M007-1e850681,false,false,,,
INT-0000703,INTERNAL,BANK,MATCHED,M012-b4def16f,false,false,,,
INT-0000703,INTERNAL,PROCESSOR,MATCHED,M012-b4def16f,false,false,,,
INT-0000704,INTERNAL,BANK,MATCHED,M011-96e74263,false,false,,,
INT-0000704,INTERNAL,PROCESSOR,MATCHED,M011-96e74263,false,false,,,
INT-0000705,INTERNAL,BANK,MATCHED,M013-f2b305c9,false,false,,,
INT-0000705,INTERNAL,PROCESSOR,MATCHED,M013-f2b305c9,false,false,,,
INT-0000706,INTERNAL,BANK,MATCHED,M018-46288f9c,false,false,,,
INT-0000706,INTERNAL,PROCESSOR,MATCHED,M018-46288f9c,false,false,,,
INT-0000707,INTERNAL,BANK,MATCHED,M003-0a29d223,false,false,,,
INT-0000707,INTERNAL,PROCESSOR,MATCHED,M003-0a29d223,false,false,,,
INT-0000708,INTERNAL,BANK,MATCHED,M018-457d4b5c,false,false,,,
INT-0000708,INTERNAL,PROCESSOR,MATCHED,M018-457d4b5c,false,false,,,
INT-0000709,INTERNAL,BANK,MATCHED,M001-034539a7,false,false,,,
INT-0000709,INTERNAL,PROCESSOR,AMOUNT_MISMATCH,M001-034539a7,false,false,,,
INT-0000710,INTERNAL,BANK,MATCHED,M007-fb15220c,false,false,,,
INT-0000710,INTERNAL,PROCESSOR,MATCHED,M007-fb15220c,false,false,,,
INT-0000711,INTERNAL,BANK,TIMING_DIFFERENCE,M018-0e8d9c1c,false,false,,,
INT-0000711,INTERNAL,PROCESSOR,MATCHED,M018-0e8d9c1c,false,false,,,
INT-0000712,INTERNAL,BANK,MATCHED,M005-8c0c1677,false,false,,,
INT-0000712,INTERNAL,PROCESSOR,AMOUNT_MISMATCH,M005-8c0c1677,false,false,,,
INT-0000713,INTERNAL,BANK,MATCHED,M010-023b2e01,false,false,,,
INT-0000713,INTERNAL,PROCESSOR,MATCHED,M010-023b2e01,false,false,,,
INT-0000714,INTERNAL,BANK,MATCHED,M011-20cd5b68,false,false,,,
INT-0000714,INTERNAL,PROCESSOR,MATCHED,M011-20cd5b68,false,false,,,
INT-0000715,INTERNAL,BANK,MATCHED,M011-e37285fb,false,false,,,
INT-0000715,INTERNAL,PROCESSOR,MATCHED,M011-e37285fb,false,false,,,
INT-0000716,INTERNAL,BANK,MATCHED,M016-0961ca8d,false,false,,,
INT-0000716,INTERNAL,PROCESSOR,MATCHED,M016-0961ca8d,false,false,,,
INT-0000717,INTERNAL,BANK,MATCHED,M005-4b6fada1,false,false,,,
INT-0000717,INTERNAL,PROCESSOR,MATCHED,M005-4b6fada1,false,false,,,
INT-0000718,INTERNAL,BANK,MATCHED,M005-25c4db18,false,false,,,
INT-0000718,INTERNAL,PROCESSOR,MATCHED,M005-25c4db18,false,false,,,
INT-0000719,INTERNAL,BANK,MATCHED,M007-03fda0bd,false,false,,,
INT-0000719,INTERNAL,PROCESSOR,MATCHED,M007-03fda0bd,false,false,,,
INT-0000720,INTERNAL,BANK,MATCHED,M011-57afbf3d,false,false,,,
INT-0000720,INTERNAL,PROCESSOR,MATCHED,M011-57afbf3d,false,false,,,
INT-0000721,INTERNAL,BANK,MATCHED,M001-cf23b51d,false,false,,,
INT-0000721,INTERNAL,PROCESSOR,MATCHED,M001-cf23b51d,false,false,,,
INT-0000722,INTERNAL,BANK,MATCHED,M016-8aaa0729,false,false,,,
INT-0000722,INTERNAL,PROCESSOR,MATCHED,M016-8aaa0729,false,false,,,
INT-0000723,INTERNAL,BANK,MATCHED,M011-71fd653e,false,false,,,
INT-0000723,INTERNAL,PROCESSOR,MATCHED,M011-71fd653e,false,false,,,
INT-0000724,INTERNAL,BANK,MATCHED,M019-42f04e68,false,false,,,
INT-0000724,INTERNAL,PROCESSOR,MATCHED,M019-42f04e68,false,false,,,
INT-0000725,INTERNAL,BANK,MATCHED,M010-61a01f34,false,false,,,
INT-0000725,INTERNAL,PROCESSOR,MATCHED,M010-61a01f34,false,false,,,
INT-0000726,INTERNAL,BANK,MISSING_IN_BANK,M006-86fab38a,false,false,,,
INT-0000726,INTERNAL,PROCESSOR,MATCHED,M006-86fab38a,false,false,,,
INT-0000727,INTERNAL,BANK,MATCHED,M002-b7429ef3,false,false,,,
INT-0000727,INTERNAL,PROCESSOR,AMOUNT_MISMATCH,M002-b7429ef3,false,false,,,
INT-0000728,INTERNAL,BANK,MATCHED,M015-d8ed7ba1,false,false,,,
INT-0000728,INTERNAL,PROCESSOR,MATCHED,M015-d8ed7ba1,false,false,,,
INT-0000729,INTERNAL,BANK,MATCHED,M010-584ae2a4,false,false,,,
INT-0000729,INTERNAL,PROCESSOR,MATCHED,M010-584ae2a4,false,false,,,
INT-0000730,INTERNAL,BANK,MATCHED,M005-c49312ce,false,false,,,
INT-0000730,INTERNAL,PROCESSOR,AMOUNT_MISMATCH,M005-c49312ce,false,false,,,
INT-0000731,INTERNAL,BANK,MATCHED,M008-7f0f1f2c,false,false,,,
INT-0000731,INTERNAL,PROCESSOR,MATCHED,M008-7f0f1f2c,false,false,,,
INT-0000732,INTERNAL,BANK,MATCHED,M017-4d343a8d,false,false,,,
INT-0000732,INTERNAL,PROCESSOR,MATCHED,M017-4d343a8d,false,false,,,
INT-0000733,INTERNAL,BANK,MATCHED,M013-1a1aac90,false,false,,,
INT-0000733,INTERNAL,PROCESSOR,MATCHED,M013-1a1aac90,false,false,,,
INT-0000734,INTERNAL,BANK,MATCHED,M017-9ccf4a73,false,false,,,
INT-0000734,INTERNAL,PROCESSOR,MATCHED,M017-9ccf4a73,false,false,,,
INT-0000735,INTERNAL,BANK,MATCHED,M014-296ea027,false,false,,,
INT-0000735,INTERNAL,PROCESSOR,MATCHED,M014-296ea027,false,false,,,
INT-0000736,INTERNAL,BANK,MATCHED,M005-48aa482d,false,false,,,
INT-0000736,INTERNAL,PROCESSOR,MATCHED,M005-48aa482d,false,false,,,
INT-0000737,INTERNAL,BANK,MATCHED,M016-b07f0f5e,false,false,,,
INT-0000737,INTERNAL,PROCESSOR,MATCHED,M016-b07f0f5e,false,false,,,
INT-0000738,INTERNAL,BANK,MATCHED,M016-e6a198c9,false,false,,,
INT-0000738,INTERNAL,PROCESSOR,MATCHED,M016-e6a198c9,false,false,,,
INT-0000739,INTERNAL,BANK,MATCHED,M003-5c4b7c5e,false,false,,,
INT-0000739,INTERNAL,PROCESSOR,MATCHED,M003-5c4b7c5e,false,false,,,
INT-0000740,INTERNAL,BANK,MATCHED,M019-03d9f44d,false,false,,,
INT-0000740,INTERNAL,PROCESSOR,MATCHED,M019-03d9f44d,false,false,,,
INT-0000741,INTERNAL,BANK,MATCHED,M015-4f409454,false,false,,,
INT-0000741,INTERNAL,PROCESSOR,MATCHED,M015-4f409454,false,false,,,
INT-0000742,INTERNAL,BANK,MATCHED,M002-9039aa09,false,false,,,
INT-0000742,INTERNAL,PROCESSOR,MATCHED,M002-9039aa09,false,false,,,
INT-0000743,INTERNAL,BANK,MATCHED,M020-a7cb76de,false,false,,,
INT-0000743,INTERNAL,PROCESSOR,MATCHED,M020-a7cb76de,false,false,,,
INT-0000744,INTERNAL,BANK,MATCHED,M005-c8dbb4c5,false,false,,,
INT-0000744,INTERNAL,PROCESSOR,AMOUNT_MISMATCH,M005-c8dbb4c5,false,false,,,
INT-0000745,INTERNAL,BANK,MATCHED,M012-9e90b0af,false,false,,,
INT-0000745,INTERNAL,PROCESSOR,MATCHED,M012-9e90b0af,false,false,,,
INT-0000746,INTERNAL,BANK,MATCHED,M005-5dfafffa,false,false,,,
INT-0000746,INTERNAL,PROCESSOR,MATCHED,M005-5dfafffa,false,false,,,
INT-0000747,INTERNAL,BANK,MATCHED,M007-03cbd192,false,false,,,
INT-0000747,INTERNAL,PROCESSOR,MATCHED,M007-03cbd192,false,false,,,
INT-0000748,INTERNAL,BANK,MATCHED,M019-1ed3646f,false,false,,,
INT-0000748,INTERNAL,PROCESSOR,MATCHED,M019-1ed3646f,false,false,,,
INT-0000749,INTERNAL,BANK,MATCHED,M012-df7571ca,false,false,,,
INT-0000749,INTERNAL,PROCESSOR,MATCHED,M012-df7571ca,false,false,,,
INT-0000750,INTERNAL,BANK,MATCHED,M007-38709027,false,false,,,
INT-0000750,INTERNAL,PROCESSOR,MATCHED,M007-38709027,false,false,,,
INT-0000751,INTERNAL,BANK,MATCHED,M013-e7bd9ba4,false,false,,,
INT-0000751,INTERNAL,PROCESSOR,MATCHED,M013-e7bd9ba4,false,false,,,
INT-0000752,INTERNAL,BANK,MATCHED,M002-94cf783e,false,false,,,
INT-0000752,INTERNAL,PROCESSOR,MATCHED,M002-94cf783e,false,false,,,
INT-0000753,INTERNAL,BANK,MATCHED,M006-8511a8b6,false,false,,,
INT-0000753,INTERNAL,PROCESSOR,MATCHED,M006-8511a8b6,false,false,,,
INT-0000754,INTERNAL,BANK,MATCHED,M013-2dd0ddb7,false,false,,,
INT-0000754,INTERNAL,PROCESSOR,MATCHED,M013-2dd0ddb7,false,false,,,
INT-0000755,INTERNAL,BANK,TIMING_DIFFERENCE,M020-5d4f6968,false,false,,,
INT-0000755,INTERNAL,PROCESSOR,MATCHED,M020-5d4f6968,false,false,,,
INT-0000756,INTERNAL,BANK,MATCHED,M010-5e92b2ab,false,false,,,
INT-0000756,INTERNAL,PROCESSOR,MATCHED,M010-5e92b2ab,false,false,,,
INT-0000757,INTERNAL,BANK,MATCHED,M018-df341aa2,false,false,,,
INT-0000757,INTERNAL,PROCESSOR,MATCHED,M018-df341aa2,false,false,,,
INT-0000758,INTERNAL,BANK,MATCHED,M005-d12b1eaf,false,false,,,
INT-0000758,INTERNAL,PROCESSOR,MATCHED,M005-d12b1eaf,false,false,,,
INT-0000759,INTERNAL,BANK,MATCHED,M010-bbadc62b,false,false,,,
INT-0000759,INTERNAL,PROCESSOR,MATCHED,M010-bbadc62b,false,false,,,
INT-0000760,INTERNAL,BANK,MATCHED,M007-373f677f,false,false,,,
INT-0000760,INTERNAL,PROCESSOR,MATCHED,M007-373f677f,false,false,,,
INT-0000761,INTERNAL,BANK,MATCHED,M010-ce6ef2c6,false,false,,,
INT-0000761,INTERNAL,PROCESSOR,MATCHED,M010-ce6ef2c6,false,false,,,
INT-0000762,INTERNAL,BANK,MATCHED,M010-6cf8f891,false,false,,,
INT-0000762,INTERNAL,PROCESSOR,MATCHED,M010-6cf8f891,false,false,,,
INT-0000763,INTERNAL,BANK,MATCHED,M008-2233fed3,false,false,,,
INT-0000763,INTERNAL,PROCESSOR,MATCHED,M008-2233fed3,false,false,,,
INT-0000764,INTERNAL,BANK,MATCHED,M011-2e38e107,false,false,,,
INT-0000764,INTERNAL,PROCESSOR,MATCHED,M011-2e38e107,false,false,,,
INT-0000765,INTERNAL,BANK,MATCHED,M015-3612a5c7,false,false,,,
INT-0000765,INTERNAL,PROCESSOR,MATCHED,M015-3612a5c7,false,false,,,
INT-0000766,INTERNAL,BANK,MATCHED,M004-aeae08b2,false,false,,,
INT-0000766,INTERNAL,PROCESSOR,MATCHED,M004-aeae08b2,false,false,,,
INT-0000767,INTERNAL,BANK,MATCHED,M001-5e53a224,false,false,,,
INT-0000767,INTERNAL,PROCESSOR,MATCHED,M001-5e53a224,false,false,,,
INT-0000768,INTERNAL,BANK,MATCHED,M016-3ad1f4c1,false,false,,,
INT-0000768,INTERNAL,PROCESSOR,MATCHED,M016-3ad1f4c1,false,false,,,
INT-0000769,INTERNAL,BANK,MATCHED,M002-4596b72d,false,false,,,
INT-0000769,INTERNAL,PROCESSOR,MATCHED,M002-4596b72d,false,false,,,
INT-0000770,INTERNAL,BANK,MATCHED,M012-d8192419,false,false,,,
INT-0000770,INTERNAL,PROCESSOR,MATCHED,M012-d8192419,false,false,,,
INT-0000771,INTERNAL,BANK,MATCHED,M014-93c3e0c5,false,false,,,
INT-0000771,INTERNAL,PROCESSOR,MATCHED,M014-93c3e0c5,false,false,,,
INT-0000772,INTERNAL,BANK,MATCHED,M004-3acd6d05,false,false,,,
INT-0000772,INTERNAL,PROCESSOR,MATCHED,M004-3acd6d05,false,false,,,
INT-0000773,INTERNAL,BANK,MATCHED,M020-a1091484,false,false,,,
INT-0000773,INTERNAL,PROCESSOR,MATCHED,M020-a1091484,false,false,,,
INT-0000774,INTERNAL,BANK,MATCHED,M004-298dfe19,false,false,,,
INT-0000774,INTERNAL,PROCESSOR,MATCHED,M004-298dfe19,false,false,,,
INT-0000775,INTERNAL,BANK,MATCHED,M016-171d34b5,false,false,,,
INT-0000775,INTERNAL,PROCESSOR,MATCHED,M016-171d34b5,false,false,,,
INT-0000776,INTERNAL,BANK,MATCHED,M013-3213b6e3,false,false,,,
INT-0000776,INTERNAL,PROCESSOR,MATCHED,M013-3213b6e3,false,false,,,
INT-0000777,INTERNAL,BANK,MATCHED,M010-d2bd4b25,false,false,,,
INT-0000777,INTERNAL,PROCESSOR,MATCHED,M010-d2bd4b25,false,false,,,
INT-0000778,INTERNAL,BANK,MATCHED,M005-a16d3466,false,false,,,
INT-0000778,INTERNAL,PROCESSOR,MATCHED,M005-a16d3466,false,false,,,
INT-0000779,INTERNAL,BANK,MATCHED,M017-fc7ac1fd,false,false,,,
INT-0000779,INTERNAL,PROCESSOR,MATCHED,M017-fc7ac1fd,false,false,,,
INT-0000780,INTERNAL,BANK,MATCHED,M004-cef1d2ca,false,false,,,
INT-0000780,INTERNAL,PROCESSOR,MATCHED,M004-cef1d2ca,false,false,,,
INT-0000781,INTERNAL,BANK,MATCHED,M011-ab6a14f4,false,false,,,
INT-0000781,INTERNAL,PROCESSOR,MATCHED,M011-ab6a14f4,false,false,,,
INT-0000782,INTERNAL,BANK,MATCHED,M002-d5930a2b,false,false,,,
INT-0000782,INTERNAL,PROCESSOR,MATCHED,M002-d5930a2b,false,false,,,
INT-0000783,INTERNAL,BANK,MATCHED,M011-5e854b0b,false,false,,,
INT-0000783,INTERNAL,PROCESSOR,MATCHED,M011-5e854b0b,false,false,,,
INT-0000784,INTERNAL,BANK,MATCHED,M015-daded451,false,false,,,
INT-0000784,INTERNAL,PROCESSOR,MATCHED,M015-daded451,false,false,,,
INT-0000785,INTERNAL,BANK,MATCHED,M005-2b8ea8d4,false,false,,,
INT-0000785,INTERNAL,PROCESSOR,MATCHED,M005-2b8ea8d4,false,false,,,
INT-0000786,INTERNAL,BANK,MATCHED,M007-55901fc2,false,false,,,
INT-0000786,INTERNAL,PROCESSOR,MATCHED,M007-55901fc2,false,false,,,
INT-0000787,INTERNAL,BANK,MATCHED,M001-434cbf26,false,false,,,
INT-0000787,INTERNAL,PROCESSOR,MATCHED,M001-434cbf26,false,false,,,
INT-0000788,INTERNAL,BANK,MATCHED,M016-93830dcc,false,false,,,
INT-0000788,INTERNAL,PROCESSOR,MATCHED,M016-93830dcc,false,false,,,
INT-0000789,INTERNAL,BANK,TIMING_DIFFERENCE,M015-20a9642c,false,false,,,
INT-0000789,INTERNAL,PROCESSOR,MATCHED,M015-20a9642c,false,false,,,
INT-0000790,INTERNAL,BANK,MATCHED,M008-140968ec,false,false,,,
INT-0000790,INTERNAL,PROCESSOR,MATCHED,M008-140968ec,false,false,,,
INT-0000791,INTERNAL,BANK,MATCHED,M019-be7d8515,false,false,,,
INT-0000791,INTERNAL,PROCESSOR,MATCHED,M019-be7d8515,false,false,,,
INT-0000792,INTERNAL,BANK,MATCHED,M019-f1b35428,false,false,,,
INT-0000792,INTERNAL,PROCESSOR,MATCHED,M019-f1b35428,false,false,,,
INT-0000793,INTERNAL,BANK,MATCHED,M004-6a1a62bc,false,false,,,
INT-0000793,INTERNAL,PROCESSOR,MATCHED,M004-6a1a62bc,false,false,,,
INT-0000794,INTERNAL,BANK,MATCHED,M019-5caee3af,false,false,,,
INT-0000794,INTERNAL,PROCESSOR,MATCHED,M019-5caee3af,false,false,,,
INT-0000795,INTERNAL,BANK,MATCHED,M010-8cfdd2a5,false,false,,,
INT-0000795,INTERNAL,PROCESSOR,MATCHED,M010-8cfdd2a5,false,false,,,
INT-0000796,INTERNAL,BANK,MATCHED,M015-070ce909,false,false,,,
INT-0000796,INTERNAL,PROCESSOR,MATCHED,M015-070ce909,false,false,,,
INT-0000797,INTERNAL,BANK,MATCHED,M018-4438ce9e,false,false,,,
INT-0000797,INTERNAL,PROCESSOR,MATCHED,M018-4438ce9e,false,false,,,
INT-0000798,INTERNAL,BANK,TIMING_DIFFERENCE,M003-7090bfb3,false,false,,,
INT-0000798,INTERNAL,PROCESSOR,MATCHED,M003-7090bfb3,false,false,,,
INT-0000799,INTERNAL,BANK,MATCHED,M020-2ec3f826,false,false,,,
INT-0000799,INTERNAL,PROCESSOR,MATCHED,M020-2ec3f826,false,false,,,
INT-0000800,INTERNAL,BANK,MATCHED,M010-31436da8,false,false,,,
INT-0000800,INTERNAL,PROCESSOR,AMOUNT_MISMATCH,M010-31436da8,false,false,,,
INT-0000801,INTERNAL,BANK,MATCHED,M018-b7ea5ebb,false,false,,,
INT-0000801,INTERNAL,PROCESSOR,MATCHED,M018-b7ea5ebb,false,false,,,
INT-0000802,INTERNAL,BANK,MATCHED,M006-8b5ca627,false,false,,,
INT-0000802,INTERNAL,PROCESSOR,MATCHED,M006-8b5ca627,false,false,,,
INT-0000803,INTERNAL,BANK,MATCHED,M019-4219d7ab,false,false,,,
INT-0000803,INTERNAL,PROCESSOR,MATCHED,M019-4219d7ab,false,false,,,
INT-0000804,INTERNAL,BANK,MATCHED,M004-0dd91b6b,false,false,,,
INT-0000804,INTERNAL,PROCESSOR,MATCHED,M004-0dd91b6b,false,false,,,
INT-0000805,INTERNAL,BANK,MATCHED,M015-0fc8db9c,false,false,,,
INT-0000805,INTERNAL,PROCESSOR,MATCHED,M015-0fc8db9c,false,false,,,
INT-0000806,INTERNAL,BANK,MATCHED,M004-fee9030f,false,false,,,
INT-0000806,INTERNAL,PROCESSOR,MATCHED,M004-fee9030f,false,false,,,
INT-0000807,INTERNAL,BANK,MATCHED,M002-1797d293,false,false,,,
INT-0000807,INTERNAL,PROCESSOR,MATCHED,M002-1797d293,false,false,,,
INT-0000808,INTERNAL,BANK,TIMING_DIFFERENCE,M008-88f501ed,false,false,,,
INT-0000808,INTERNAL,PROCESSOR,MATCHED,M008-88f501ed,false,false,,,
INT-0000809,INTERNAL,BANK,MATCHED,M018-ff52e005,false,false,,,
INT-0000809,INTERNAL,PROCESSOR,MATCHED,M018-ff52e005,false,false,,,
INT-0000810,INTERNAL,BANK,MATCHED,M015-eda40551,false,false,,,
INT-0000810,INTERNAL,PROCESSOR,MATCHED,M015-eda40551,false,false,,,
INT-0000811,INTERNAL,BANK,MATCHED,M004-5c537de3,false,false,,,
INT-0000811,INTERNAL,PROCESSOR,MATCHED,M004-5c537de3,false,false,,,
INT-0000812,INTERNAL,BANK,MATCHED,M005-483e76e3,false,false,,,
INT-0000812,INTERNAL,PROCESSOR,MATCHED,M005-483e76e3,false,false,,,
INT-0000813,INTERNAL,BANK,MATCHED,M003-3248d1c7,false,false,,,
INT-0000813,INTERNAL,PROCESSOR,MATCHED,M003-3248d1c7,false,false,,,
INT-0000814,INTERNAL,BANK,MATCHED,M002-3ebc149d,false,false,,,
INT-0000814,INTERNAL,PROCESSOR,MATCHED,M002-3ebc149d,false,false,,,
INT-0000815,INTERNAL,BANK,MATCHED,M016-98d669d7,false,false,,,
INT-0000815,INTERNAL,PROCESSOR,MATCHED,M016-98d669d7,false,false,,,
INT-0000816,INTERNAL,BANK,MATCHED,M009-7ab95e0e,false,false,,,
INT-0000816,INTERNAL,PROCESSOR,MATCHED,M009-7ab95e0e,false,false,,,
INT-0000817,INTERNAL,BANK,MATCHED,M018-c72cdba5,false,false,,,
INT-0000817,INTERNAL,PROCESSOR,MATCHED,M018-c72cdba5,false,false,,,
INT-0000818,INTERNAL,BANK,MATCHED,M015-874de49e,false,false,,,
INT-0000818,INTERNAL,PROCESSOR,MATCHED,M015-874de49e,false,false,,,
INT-0000819,INTERNAL,BANK,MATCHED,M004-1a4bdacc,false,false,,,
INT-0000819,INTERNAL,PROCESSOR,MATCHED,M004-1a4bdacc,false,false,,,
INT-0000820,INTERNAL,BANK,MATCHED,M011-0eef6024,false,false,,,
INT-0000820,INTERNAL,PROCESSOR,MATCHED,M011-0eef6024,false,false,,,
INT-0000821,INTERNAL,BANK,MATCHED,M018-da6ddadb,false,false,,,
INT-0000821,INTERNAL,PROCESSOR,MATCHED,M018-da6ddadb,false,false,,,
INT-0000822,INTERNAL,BANK,MATCHED,M015-bf7de377,false,false,,,
INT-0000822,INTERNAL,PROCESSOR,MATCHED,M015-bf7de377,false,false,,,
INT-0000823,INTERNAL,BANK,MATCHED,M010-10779955,false,false,,,
INT-0000823,INTERNAL,PROCESSOR,MATCHED,M010-10779955,false,false,,,
INT-0000824,INTERNAL,BANK,MATCHED,M006-bc29b54d,false,false,,,
INT-0000824,INTERNAL,PROCESSOR,MATCHED,M006-bc29b54d,false,false,,,
INT-0000825,INTERNAL,BANK,TIMING_DIFFERENCE,M010-405f676c,false,false,,,
INT-0000825,INTERNAL,PROCESSOR,MATCHED,M010-405f676c,false,false,,,
INT-0000826,INTERNAL,BANK,MATCHED,M011-bf675fe4,false,false,,,
INT-0000826,INTERNAL,PROCESSOR,MATCHED,M011-bf675fe4,false,false,,,
INT-0000827,INTERNAL,BANK,MATCHED,M001-6dc8cff6,false,false,,,
INT-0000827,INTERNAL,PROCESSOR,MATCHED,M001-6dc8cff6,false,false,,,
INT-0000828,INTERNAL,BANK,MATCHED,M004-dbc742d8,false,false,,,
INT-0000828,INTERNAL,PROCESSOR,MATCHED,M004-dbc742d8,false,false,,,
INT-0000829,INTERNAL,BANK,MATCHED,M008-4cb707ed,false,false,,,
INT-0000829,INTERNAL,PROCESSOR,MISSING_IN_PROCESSOR,M008-4cb707ed,false,false,,,
INT-0000830,INTERNAL,BANK,MATCHED,M006-de164aeb,false,false,,,
INT-0000830,INTERNAL,PROCESSOR,AMOUNT_MISMATCH,M006-de164aeb,false,false,,,
INT-0000831,INTERNAL,BANK,MATCHED,M009-dd404b77,false,false,,,
INT-0000831,INTERNAL,PROCESSOR,MATCHED,M009-dd404b77,false,false,,,
INT-0000832,INTERNAL,BANK,MATCHED,M018-05ddda35,false,false,,,
INT-0000832,INTERNAL,PROCESSOR,MATCHED,M018-05ddda35,false,false,,,
INT-0000833,INTERNAL,BANK,MATCHED,M007-4d598703,false,false,,,
INT-0000833,INTERNAL,PROCESSOR,MATCHED,M007-4d598703,false,false,,,
INT-0000834,INTERNAL,BANK,MATCHED,M009-fad4f932,false,false,,,
INT-0000834,INTERNAL,PROCESSOR,MATCHED,M009-fad4f932,false,false,,,
INT-0000835,INTERNAL,BANK,MATCHED,M018-7d2b7e19,false,false,,,
INT-0000835,INTERNAL,PROCESSOR,MATCHED,M018-7d2b7e19,false,false,,,
INT-0000836,INTERNAL,BANK,MATCHED,M004-d4f9ad33,false,false,,,
INT-0000836,INTERNAL,PROCESSOR,MATCHED,M004-d4f9ad33,false,false,,,
INT-0000837,INTERNAL,BANK,MATCHED,M020-9d5f3dbb,false,false,,,
INT-0000837,INTERNAL,PROCESSOR,MATCHED,M020-9d5f3dbb,false,false,,,
INT-0000838,INTERNAL,BANK,MATCHED,M019-d70d65a4,false,false,,,
INT-0000838,INTERNAL,PROCESSOR,MATCHED,M019-d70d65a4,false,false,,,
INT-0000839,INTERNAL,BANK,MATCHED,M018-1d47c561,false,false,,,
INT-0000839,INTERNAL,PROCESSOR,MATCHED,M018-1d47c561,false,false,,,
INT-0000840,INTERNAL,BANK,MATCHED,M012-b9b9f8f9,false,false,,,
INT-0000840,INTERNAL,PROCESSOR,AMOUNT_MISMATCH,M012-b9b9f8f9,false,false,,,
INT-0000841,INTERNAL,BANK,MATCHED,M012-a1031a82,false,false,,,
INT-0000841,INTERNAL,PROCESSOR,MATCHED,M012-a1031a82,false,false,,,
INT-0000842,INTERNAL,BANK,MATCHED,M014-9e201ebb,false,false,,,
INT-0000842,INTERNAL,PROCESSOR,MATCHED,M014-9e201ebb,false,false,,,
INT-0000843,INTERNAL,BANK,MATCHED,M019-6ceadae8,false,false,,,
INT-0000843,INTERNAL,PROCESSOR,MATCHED,M019-6ceadae8,false,false,,,
INT-0000844,INTERNAL,BANK,MATCHED,M009-2d9a03e9,false,false,,,
INT-0000844,INTERNAL,PROCESSOR,MATCHED,M009-2d9a03e9,false,false,,,
INT-0000845,INTERNAL,BANK,MATCHED,M009-9993a538,false,false,,,
INT-0000845,INTERNAL,PROCESSOR,MATCHED,M009-9993a538,false,false,,,
INT-0000846,INTERNAL,BANK,MATCHED,M019-b0005d06,false,false,,,
INT-0000846,INTERNAL,PROCESSOR,MATCHED,M019-b0005d06,false,false,,,
INT-0000847,INTERNAL,BANK,MATCHED,M020-6fe51fb2,false,false,,,
INT-0000847,INTERNAL,PROCESSOR,MATCHED,M020-6fe51fb2,false,false,,,
INT-0000848,INTERNAL,BANK,MATCHED,M014-ae6aa0c3,false,false,,,
INT-0000848,INTERNAL,PROCESSOR,MATCHED,M014-ae6aa0c3,false,false,,,
INT-0000849,INTERNAL,BANK,MATCHED,M007-c4daabd6,false,false,,,
INT-0000849,INTERNAL,PROCESSOR,MATCHED,M007-c4daabd6,false,false,,,
INT-0000850,INTERNAL,BANK,MISSING_IN_BANK,M014-3215a989,false,false,,,
INT-0000850,INTERNAL,PROCESSOR,MATCHED,M014-3215a989,false,false,,,
INT-0000851,INTERNAL,BANK,TIMING_DIFFERENCE,M018-c0fb3564,false,false,,,
INT-0000851,INTERNAL,PROCESSOR,MATCHED,M018-c0fb3564,false,false,,,
INT-0000852,INTERNAL,BANK,MATCHED,M002-237e90d9,false,false,,,
INT-0000852,INTERNAL,PROCESSOR,MATCHED,M002-237e90d9,false,false,,,
INT-0000853,INTERNAL,BANK,MATCHED,M004-b7b1e38c,false,false,,,
INT-0000853,INTERNAL,PROCESSOR,MISSING_IN_PROCESSOR,M004-b7b1e38c,false,false,,,
INT-0000854,INTERNAL,BANK,MATCHED,M014-7fa276a0,false,false,,,
INT-0000854,INTERNAL,PROCESSOR,MATCHED,M014-7fa276a0,false,false,,,
INT-0000855,INTERNAL,BANK,MATCHED,M020-378bdc25,false,false,,,
INT-0000855,INTERNAL,PROCESSOR,MISSING_IN_PROCESSOR,M020-378bdc25,false,false,,,
INT-0000856,INTERNAL,BANK,MATCHED,M007-0990dafd,false,false,,,
INT-0000856,INTERNAL,PROCESSOR,MATCHED,M007-0990dafd,false,false,,,
INT-0000857,INTERNAL,BANK,MATCHED,M003-2fbff79b,false,false,,,
INT-0000857,INTERNAL,PROCESSOR,MATCHED,M003-2fbff79b,false,false,,,
INT-0000858,INTERNAL,BANK,TIMING_DIFFERENCE,M008-dd5d48f2,false,false,,,
INT-0000858,INTERNAL,PROCESSOR,MATCHED,M008-dd5d48f2,false,false,,,
INT-0000859,INTERNAL,BANK,MATCHED,M008-f1d02141,false,false,,,
INT-0000859,INTERNAL,PROCESSOR,MATCHED,M008-f1d02141,false,false,,,
INT-0000860,INTERNAL,BANK,MATCHED,M019-e8a4ca2a,false,false,,,
INT-0000860,INTERNAL,PROCESSOR,MATCHED,M019-e8a4ca2a,false,false,,,
INT-0000861,INTERNAL,BANK,TIMING_DIFFERENCE,M014-8c5026c7,false,false,,,
INT-0000861,INTERNAL,PROCESSOR,MATCHED,M014-8c5026c7,false,false,,,
INT-0000862,INTERNAL,BANK,MATCHED,M013-15c85171,false,false,,,
INT-0000862,INTERNAL,PROCESSOR,MATCHED,M013-15c85171,false,false,,,
INT-0000863,INTERNAL,BANK,MATCHED,M008-b25a98f4,false,false,,,
INT-0000863,INTERNAL,PROCESSOR,AMOUNT_MISMATCH,M008-b25a98f4,false,false,,,
INT-0000864,INTERNAL,BANK,MATCHED,M004-6acbdfd3,false,false,,,
INT-0000864,INTERNAL,PROCESSOR,MATCHED,M004-6acbdfd3,false,false,,,
INT-0000865,INTERNAL,BANK,MATCHED,M010-686239a5,false,false,,,
INT-0000865,INTERNAL,PROCESSOR,MATCHED,M010-686239a5,false,false,,,
INT-0000866,INTERNAL,BANK,MATCHED,M015-4b7b4b97,false,false,,,
INT-0000866,INTERNAL,PROCESSOR,MATCHED,M015-4b7b4b97,false,false,,,
INT-0000867,INTERNAL,BANK,MATCHED,M014-66f327f0,false,false,,,
INT-0000867,INTERNAL,PROCESSOR,MATCHED,M014-66f327f0,false,false,,,
INT-0000868,INTERNAL,BANK,MATCHED,M013-5b721d9d,false,false,,,
INT-0000868,INTERNAL,PROCESSOR,MATCHED,M013-5b721d9d,false,false,,,
INT-0000869,INTERNAL,BANK,MATCHED,M005-716e32aa,false,false,,,
INT-0000869,INTERNAL,PROCESSOR,MATCHED,M005-716e32aa,false,false,,,
INT-0000870,INTERNAL,BANK,MATCHED,M014-b9d5399e,false,false,,,
INT-0000870,INTERNAL,PROCESSOR,MATCHED,M014-b9d5399e,false,false,,,
INT-0000871,INTERNAL,BANK,MATCHED,M015-94929cc7,false,false,,,
INT-0000871,INTERNAL,PROCESSOR,MATCHED,M015-94929cc7,false,false,,,
INT-0000872,INTERNAL,BANK,MATCHED,M009-1ad0c41f,false,false,,,
INT-0000872,INTERNAL,PROCESSOR,MATCHED,M009-1ad0c41f,false,false,,,
INT-0000873,INTERNAL,BANK,MATCHED,M001-c574eb63,false,false,,,
INT-0000873,INTERNAL,PROCESSOR,MATCHED,M001-c574eb63,false,false,,,
INT-0000874,INTERNAL,BANK,MATCHED,M011-436e6f7d,false,false,,,
INT-0000874,INTERNAL,PROCESSOR,MATCHED,M011-436e6f7d,false,false,,,
INT-0000875,INTERNAL,BANK,MATCHED,M013-e695973c,false,false,,,
INT-0000875,INTERNAL,PROCESSOR,MATCHED,M013-e695973c,false,false,,,
INT-0000876,INTERNAL,BANK,MATCHED,M009-cdaec774,false,false,,,
INT-0000876,INTERNAL,PROCESSOR,MATCHED,M009-cdaec774,false,false,,,
INT-0000877,INTERNAL,BANK,MATCHED,M008-5b82cac2,false,false,,,
INT-0000877,INTERNAL,PROCESSOR,MATCHED,M008-5b82cac2,false,false,,,
INT-0000878,INTERNAL,BANK,MATCHED,M020-4debdabe,false,false,,,
INT-0000878,INTERNAL,PROCESSOR,MATCHED,M020-4debdabe,false,false,,,
INT-0000879,INTERNAL,BANK,MATCHED,M014-30fc952f,false,false,,,
INT-0000879,INTERNAL,PROCESSOR,MATCHED,M014-30fc952f,false,false,,,
INT-0000880,INTERNAL,BANK,MATCHED,M020-70cbcea7,false,false,,,
INT-0000880,INTERNAL,PROCESSOR,MATCHED,M020-70cbcea7,false,false,,,
INT-0000881,INTERNAL,BANK,MATCHED,M011-de049ac8,false,false,,,
INT-0000881,INTERNAL,PROCESSOR,MATCHED,M011-de049ac8,false,false,,,
INT-0000882,INTERNAL,BANK,MATCHED,M011-5c912396,false,false,,,
INT-0000882,INTERNAL,PROCESSOR,MATCHED,M011-5c912396,false,false,,,
INT-0000883,INTERNAL,BANK,MATCHED,M020-c2ea7b9b,false,false,,,
INT-0000883,INTERNAL,PROCESSOR,MATCHED,M020-c2ea7b9b,false,false,,,
INT-0000884,INTERNAL,BANK,MATCHED,M007-c15ea400,false,false,,,
INT-0000884,INTERNAL,PROCESSOR,MATCHED,M007-c15ea400,false,false,,,
INT-0000885,INTERNAL,BANK,MATCHED,M005-baa0423f,false,false,,,
INT-0000885,INTERNAL,PROCESSOR,MATCHED,M005-baa0423f,false,false,,,
INT-0000886,INTERNAL,BANK,MATCHED,M003-717c0978,false,false,,,
INT-0000886,INTERNAL,PROCESSOR,MATCHED,M003-717c0978,false,false,,,
INT-0000887,INTERNAL,BANK,MATCHED,M010-c902bd41,false,false,,,
INT-0000887,INTERNAL,PROCESSOR,MATCHED,M010-c902bd41,false,false,,,
INT-0000888,INTERNAL,BANK,MATCHED,M006-2729899a,false,false,,,
INT-0000888,INTERNAL,PROCESSOR,MATCHED,M006-2729899a,false,false,,,
INT-0000889,INTERNAL,BANK,MATCHED,M019-06c86e08,false,false,,,
INT-0000889,INTERNAL,PROCESSOR,MATCHED,M019-06c86e08,false,false,,,
INT-0000890,INTERNAL,BANK,MATCHED,M008-3edb9d1c,false,false,,,
INT-0000890,INTERNAL,PROCESSOR,MATCHED,M008-3edb9d1c,false,false,,,
INT-0000891,INTERNAL,BANK,TIMING_DIFFERENCE,M020-f97e0327,false,false,,,
INT-0000891,INTERNAL,PROCESSOR,MATCHED,M020-f97e0327,false,false,,,
INT-0000892,INTERNAL,BANK,MATCHED,M002-add52a45,false,false,,,
INT-0000892,INTERNAL,PROCESSOR,MATCHED,M002-add52a45,false,false,,,
INT-0000893,INTERNAL,BANK,MISSING_IN_BANK,M017-338b538e,false,false,,,
INT-0000893,INTERNAL,PROCESSOR,MATCHED,M017-338b538e,false,false,,,
INT-0000894,INTERNAL,BANK,MATCHED,M013-c785db14,false,false,,,
INT-0000894,INTERNAL,PROCESSOR,MATCHED,M013-c785db14,false,false,,,
INT-0000895,INTERNAL,BANK,MATCHED,M008-224b045a,false,false,,,
INT-0000895,INTERNAL,PROCESSOR,MATCHED,M008-224b045a,false,false,,,
INT-0000896,INTERNAL,BANK,MATCHED,M010-777d74d7,false,false,,,
INT-0000896,INTERNAL,PROCESSOR,MATCHED,M010-777d74d7,false,false,,,
INT-0000897,INTERNAL,BANK,MATCHED,M006-87389f50,false,false,,,
INT-0000897,INTERNAL,PROCESSOR,MATCHED,M006-87389f50,false,false,,,
INT-0000898,INTERNAL,BANK,MATCHED,M002-4f50bb22,false,false,,,
INT-0000898,INTERNAL,PROCESSOR,MATCHED,M002-4f50bb22,false,false,,,
INT-0000899,INTERNAL,BANK,MATCHED,M005-f9f46e3a,false,false,,,
INT-0000899,INTERNAL,PROCESSOR,MATCHED,M005-f9f46e3a,false,false,,,
INT-0000900,INTERNAL,BANK,MATCHED,M015-7f02df7c,false,false,,,
INT-0000900,INTERNAL,PROCESSOR,MATCHED,M015-7f02df7c,false,false,,,
INT-0000901,INTERNAL,BANK,MATCHED,M005-d5d80a4b,false,false,,,
INT-0000901,INTERNAL,PROCESSOR,MATCHED,M005-d5d80a4b,false,false,,,
INT-0000902,INTERNAL,BANK,MATCHED,M009-6de535be,false,false,,,
INT-0000902,INTERNAL,PROCESSOR,MATCHED,M009-6de535be,false,false,,,
INT-0000903,INTERNAL,BANK,TIMING_DIFFERENCE,M004-620cc4f2,false,false,,,
INT-0000903,INTERNAL,PROCESSOR,MATCHED,M004-620cc4f2,false,false,,,
INT-0000904,INTERNAL,BANK,MATCHED,M010-836465e7,false,false,,,
INT-0000904,INTERNAL,PROCESSOR,MATCHED,M010-836465e7,false,false,,,
INT-0000905,INTERNAL,BANK,TIMING_DIFFERENCE,M011-224fa5fa,false,false,,,
INT-0000905,INTERNAL,PROCESSOR,MATCHED,M011-224fa5fa,false,false,,,
INT-0000906,INTERNAL,BANK,MATCHED,M015-c463f468,false,false,,,
INT-0000906,INTERNAL,PROCESSOR,MATCHED,M015-c463f468,false,false,,,
INT-0000907,INTERNAL,BANK,MATCHED,M019-03f8c451,false,false,,,
INT-0000907,INTERNAL,PROCESSOR,MATCHED,M019-03f8c451,false,false,,,
INT-0000908,INTERNAL,BANK,MATCHED,M001-13102c16,false,false,,,
INT-0000908,INTERNAL,PROCESSOR,MATCHED,M001-13102c16,false,false,,,
INT-0000909,INTERNAL,BANK,MATCHED,M008-4266ee83,false,false,,,
INT-0000909,INTERNAL,PROCESSOR,MATCHED,M008-4266ee83,false,false,,,
INT-0000910,INTERNAL,BANK,MATCHED,M007-d0d3ce17,false,false,,,
INT-0000910,INTERNAL,PROCESSOR,MATCHED,M007-d0d3ce17,false,false,,,
INT-0000911,INTERNAL,BANK,MATCHED,M009-4056e69f,false,false,,,
INT-0000911,INTERNAL,PROCESSOR,MATCHED,M009-4056e69f,false,false,,,
INT-0000912,INTERNAL,BANK,MATCHED,M019-5c495a31,false,false,,,
INT-0000912,INTERNAL,PROCESSOR,MATCHED,M019-5c495a31,false,false,,,
INT-0000913,INTERNAL,BANK,MATCHED,M018-a8b1b917,false,false,,,
INT-0000913,INTERNAL,PROCESSOR,MATCHED,M018-a8b1b917,false,false,,,
INT-0000914,INTERNAL,BANK,MATCHED,M006-6aa487d2,false,false,,,
INT-0000914,INTERNAL,PROCESSOR,MATCHED,M006-6aa487d2,false,false,,,
INT-0000915,INTERNAL,BANK,MATCHED,M009-781ec600,false,false,,,
INT-0000915,INTERNAL,PROCESSOR,MATCHED,M009-781ec600,false,false,,,
INT-0000916,INTERNAL,BANK,MATCHED,M003-91548588,false,false,,,
INT-0000916,INTERNAL,PROCESSOR,MATCHED,M003-91548588,false,false,,,
INT-0000917,INTERNAL,BANK,MATCHED,M006-4582781a,false,false,,,
INT-0000917,INTERNAL,PROCESSOR,MATCHED,M006-4582781a,false,false,,,
INT-0000918,INTERNAL,BANK,MATCHED,M017-9e0dcd6f,false,false,,,
INT-0000918,INTERNAL,PROCESSOR,MATCHED,M017-9e0dcd6f,false,false,,,
INT-0000919,INTERNAL,BANK,MATCHED,M002-5a106df0,false,false,,,
INT-0000919,INTERNAL,PROCESSOR,MATCHED,M002-5a106df0,false,false,,,
INT-0000920,INTERNAL,BANK,MATCHED,M003-e156bf4a,false,false,,,
INT-0000920,INTERNAL,PROCESSOR,MATCHED,M003-e156bf4a,false,false,,,
INT-0000921,INTERNAL,BANK,MATCHED,M003-58049d34,false,false,,,
INT-0000921,INTERNAL,PROCESSOR,MATCHED,M003-58049d34,false,false,,,
INT-0000922,INTERNAL,BANK,MATCHED,M007-0b8a6ee9,false,false,,,
INT-0000922,INTERNAL,PROCESSOR,MATCHED,M007-0b8a6ee9,false,false,,,
INT-0000923,INTERNAL,BANK,MATCHED,M008-3433295a,false,false,,,
INT-0000923,INTERNAL,PROCESSOR,MATCHED,M008-3433295a,false,false,,,
INT-0000924,INTERNAL,BANK,MATCHED,M003-9d988606,false,false,,,
INT-0000924,INTERNAL,PROCESSOR,MATCHED,M003-9d988606,false,false,,,
INT-0000925,INTERNAL,BANK,MATCHED,M009-0f0b2101,false,false,,,
INT-0000925,INTERNAL,PROCESSOR,MATCHED,M009-0f0b2101,false,false,,,
INT-0000926,INTERNAL,BANK,MATCHED,M012-2a149371,false,false,,,
INT-0000926,INTERNAL,PROCESSOR,MATCHED,M012-2a149371,false,false,,,
INT-0000927,INTERNAL,BANK,MATCHED,M020-fae83d54,false,false,,,
INT-0000927,INTERNAL,PROCESSOR,MATCHED,M020-fae83d54,false,false,,,
INT-0000928,INTERNAL,BANK,MATCHED,M018-89fea7be,false,false,,,
INT-0000928,INTERNAL,PROCESSOR,MATCHED,M018-89fea7be,false,false,,,
INT-0000929,INTERNAL,BANK,MATCHED,M006-c9ce573d,false,false,,,
INT-0000929,INTERNAL,PROCESSOR,MATCHED,M006-c9ce573d,false,false,,,
INT-0000930,INTERNAL,BANK,MATCHED,M005-d69f1986,false,false,,,
INT-0000930,INTERNAL,PROCESSOR,MATCHED,M005-d69f1986,false,false,,,
INT-0000931,INTERNAL,BANK,MATCHED,M012-33520570,false,false,,,
INT-0000931,INTERNAL,PROCESSOR,MATCHED,M012-33520570,false,false,,,
INT-0000932,INTERNAL,BANK,MATCHED,M019-40885c87,false,false,,,
INT-0000932,INTERNAL,PROCESSOR,MATCHED,M019-40885c87,false,false,,,
INT-0000933,INTERNAL,BANK,MATCHED,M009-3ca3304f,false,false,,,
INT-0000933,INTERNAL,PROCESSOR,MATCHED,M009-3ca3304f,false,false,,,
INT-0000934,INTERNAL,BANK,MATCHED,M012-6884a898,false,false,,,
INT-0000934,INTERNAL,PROCESSOR,MATCHED,M012-6884a898,false,false,,,
INT-0000935,INTERNAL,BANK,MATCHED,M008-ceb53036,false,false,,,
INT-0000935,INTERNAL,PROCESSOR,MATCHED,M008-ceb53036,false,false,,,
INT-0000936,INTERNAL,BANK,MATCHED,M018-5cce0308,false,false,,,
INT-0000936,INTERNAL,PROCESSOR,AMOUNT_MISMATCH,M018-5cce0308,false,false,,,
INT-0000937,INTERNAL,BANK,MATCHED,M001-cd240dc8,false,false,,,
INT-0000937,INTERNAL,PROCESSOR,MATCHED,M001-cd240dc8,false,false,,,
INT-0000938,INTERNAL,BANK,MATCHED,M019-71b9fa2d,false,false,,,
INT-0000938,INTERNAL,PROCESSOR,MATCHED,M019-71b9fa2d,false,false,,,
INT-0000939,INTERNAL,BANK,MATCHED,M007-589ddce1,false,false,,,
INT-0000939,INTERNAL,PROCESSOR,MATCHED,M007-589ddce1,false,false,,,
INT-0000940,INTERNAL,BANK,MATCHED,M011-feff01ba,false,false,,,
INT-0000940,INTERNAL,PROCESSOR,MATCHED,M011-feff01ba,false,false,,,
INT-0000941,INTERNAL,BANK,MATCHED,M015-512fadb8,false,false,,,
INT-0000941,INTERNAL,PROCESSOR,MATCHED,M015-512fadb8,false,false,,,
INT-0000942,INTERNAL,BANK,MATCHED,M003-401c3e04,false,false,,,
INT-0000942,INTERNAL,PROCESSOR,MATCHED,M003-401c3e04,false,false,,,
INT-0000943,INTERNAL,BANK,MATCHED,M018-0ac13496,false,false,,,
INT-0000943,INTERNAL,PROCESSOR,MATCHED,M018-0ac13496,false,false,,,
INT-0000944,INTERNAL,BANK,MATCHED,M012-66567467,false,false,,,
INT-0000944,INTERNAL,PROCESSOR,MATCHED,M012-66567467,false,false,,,
INT-0000945,INTERNAL,BANK,MATCHED,M014-47f8dd65,false,false,,,
INT-0000945,INTERNAL,PROCESSOR,MATCHED,M014-47f8dd65,false,false,,,
INT-0000946,INTERNAL,BANK,MATCHED,M011-6819f69c,false,false,,,
INT-0000946,INTERNAL,PROCESSOR,MATCHED,M011-6819f69c,false,false,,,
INT-0000947,INTERNAL,BANK,TIMING_DIFFERENCE,M019-b5546dac,false,false,,,
INT-0000947,INTERNAL,PROCESSOR,MATCHED,M019-b5546dac,false,false,,,
INT-0000948,INTERNAL,BANK,MATCHED,M007-f8ea6815,false,false,,,
INT-0000948,INTERNAL,PROCESSOR,MATCHED,M007-f8ea6815,false,false,,,
INT-0000949,INTERNAL,BANK,MATCHED,M012-658f71e7,false,false,,,
INT-0000949,INTERNAL,PROCESSOR,MATCHED,M012-658f71e7,false,false,,,
INT-0000950,INTERNAL,BANK,MATCHED,M006-e8d2d871,false,false,,,
INT-0000950,INTERNAL,PROCESSOR,MATCHED,M006-e8d2d871,false,false,,,
INT-0000951,INTERNAL,BANK,MATCHED,M007-c8587bfe,false,false,,,
INT-0000951,INTERNAL,PROCESSOR,MATCHED,M007-c8587bfe,false,false,,,
INT-0000952,INTERNAL,BANK,MATCHED,M016-5e667bb9,false,false,,,
INT-0000952,INTERNAL,PROCESSOR,MATCHED,M016-5e667bb9,false,false,,,
INT-0000953,INTERNAL,BANK,MATCHED,M013-c8b7cec8,false,false,,,
INT-0000953,INTERNAL,PROCESSOR,MATCHED,M013-c8b7cec8,false,false,,,
INT-0000954,INTERNAL,BANK,MATCHED,M009-48b72cc2,false,false,,,
INT-0000954,INTERNAL,PROCESSOR,MATCHED,M009-48b72cc2,false,false,,,
INT-0000955,INTERNAL,BANK,MATCHED,M009-cc7980e4,false,false,,,
INT-0000955,INTERNAL,PROCESSOR,MATCHED,M009-cc7980e4,false,false,,,
INT-0000956,INTERNAL,BANK,MATCHED,M010-0cf4c481,false,false,,,
INT-0000956,INTERNAL,PROCESSOR,MATCHED,M010-0cf4c481,false,false,,,
INT-0000957,INTERNAL,BANK,MATCHED,M017-ca93a089,false,false,,,
INT-0000957,INTERNAL,PROCESSOR,MATCHED,M017-ca93a089,false,false,,,
INT-0000958,INTERNAL,BANK,MATCHED,M008-05d89cec,false,false,,,
INT-0000958,INTERNAL,PROCESSOR,MATCHED,M008-05d89cec,false,false,,,
INT-0000959,INTERNAL,BANK,MATCHED,M018-87363a69,false,false,,,
INT-0000959,INTERNAL,PROCESSOR,MATCHED,M018-87363a69,false,false,,,
INT-0000960,INTERNAL,BANK,MATCHED,M010-b62092aa,false,false,,,
INT-0000960,INTERNAL,PROCESSOR,MATCHED,M010-b62092aa,false,false,,,
INT-0000961,INTERNAL,BANK,MATCHED,M015-5a912e03,false,false,,,
INT-0000961,INTERNAL,PROCESSOR,MATCHED,M015-5a912e03,false,false,,,
INT-0000962,INTERNAL,BANK,MATCHED,M007-62719656,false,false,,,
INT-0000962,INTERNAL,PROCESSOR,MATCHED,M007-62719656,false,false,,,
INT-0000963,INTERNAL,BANK,MATCHED,M005-5f5d4a25,false,false,,,
INT-0000963,INTERNAL,PROCESSOR,MATCHED,M005-5f5d4a25,false,false,,,
INT-0000964,INTERNAL,BANK,MATCHED,M018-09b2e45a,false,false,,,
INT-0000964,INTERNAL,PROCESSOR,MATCHED,M018-09b2e45a,false,false,,,
INT-0000965,INTERNAL,BANK,TIMING_DIFFERENCE,M020-23b61b56,false,false,,,
INT-0000965,INTERNAL,PROCESSOR,MATCHED,M020-23b61b56,false,false,,,
INT-0000966,INTERNAL,BANK,MATCHED,M011-d66953fa,false,false,,,
INT-0000966,INTERNAL,PROCESSOR,MATCHED,M011-d66953fa,false,false,,,
INT-0000967,INTERNAL,BANK,MATCHED,M011-4334337b,false,false,,,
INT-0000967,INTERNAL,PROCESSOR,MATCHED,M011-4334337b,false,false,,,
INT-0000968,INTERNAL,BANK,MATCHED,M016-48dc870c,false,false,,,
INT-0000968,INTERNAL,PROCESSOR,MATCHED,M016-48dc870c,false,false,,,
INT-0000969,INTERNAL,BANK,MATCHED,M010-d67cc5fd,false,false,,,
INT-0000969,INTERNAL,PROCESSOR,MATCHED,M010-d67cc5fd,false,false,,,
INT-0000970,INTERNAL,BANK,MATCHED,M014-c9eb74ff,false,false,,,
INT-0000970,INTERNAL,PROCESSOR,MATCHED,M014-c9eb74ff,false,false,,,
INT-0000971,INTERNAL,BANK,MATCHED,M018-0645ff91,false,false,,,
INT-0000971,INTERNAL,PROCESSOR,MISSING_IN_PROCESSOR,M018-0645ff91,false,false,,,
INT-0000972,INTERNAL,BANK,MATCHED,M011-4476820f,false,false,,,
INT-0000972,INTERNAL,PROCESSOR,MATCHED,M011-4476820f,false,false,,,
INT-0000973,INTERNAL,BANK,MATCHED,M013-e8f16b5f,false,false,,,
INT-0000973,INTERNAL,PROCESSOR,AMOUNT_MISMATCH,M013-e8f16b5f,false,false,,,
INT-0000974,INTERNAL,BANK,MATCHED,M019-398fe37c,false,false,,,
INT-0000974,INTERNAL,PROCESSOR,MATCHED,M019-398fe37c,false,false,,,
INT-0000975,INTERNAL,BANK,MATCHED,M019-56e17ae7,false,false,,,
INT-0000975,INTERNAL,PROCESSOR,MATCHED,M019-56e17ae7,false,false,,,
INT-0000976,INTERNAL,BANK,MATCHED,M020-dabf59c3,false,false,,,
INT-0000976,INTERNAL,PROCESSOR,MATCHED,M020-dabf59c3,false,false,,,
INT-0000977,INTERNAL,BANK,MATCHED,M001-303d448d,false,false,,,
INT-0000977,INTERNAL,PROCESSOR,MATCHED,M001-303d448d,false,false,,,
INT-0000978,INTERNAL,BANK,MATCHED,M009-a1267fca,false,false,,,
INT-0000978,INTERNAL,PROCESSOR,MATCHED,M009-a1267fca,false,false,,,
INT-0000979,INTERNAL,BANK,MATCHED,M007-a4abcce7,false,false,,,
INT-0000979,INTERNAL,PROCESSOR,MATCHED,M007-a4abcce7,false,false,,,
INT-0000980,INTERNAL,BANK,MATCHED,M010-ca91e6ec,false,false,,,
INT-0000980,INTERNAL,PROCESSOR,MATCHED,M010-ca91e6ec,false,false,,,
INT-0000981,INTERNAL,BANK,MATCHED,M008-ad92820e,false,false,,,
INT-0000981,INTERNAL,PROCESSOR,MATCHED,M008-ad92820e,false,false,,,
INT-0000982,INTERNAL,BANK,MATCHED,M006-d854e2ec,false,false,,,
INT-0000982,INTERNAL,PROCESSOR,MATCHED,M006-d854e2ec,false,false,,,
INT-0000983,INTERNAL,BANK,MATCHED,M001-64a66fb1,false,false,,,
INT-0000983,INTERNAL,PROCESSOR,MATCHED,M001-64a66fb1,false,false,,,
INT-0000984,INTERNAL,BANK,MATCHED,M021-337fb21e,false,false,TRAP-000,ONE_TO_ONE_STABLE,
INT-0000984,INTERNAL,PROCESSOR,MATCHED,M021-337fb21e,false,false,TRAP-000,ONE_TO_ONE_STABLE,
INT-0000985,INTERNAL,BANK,MATCHED,M021-ad7b5ccd,false,false,TRAP-000,ONE_TO_ONE_STABLE,
INT-0000985,INTERNAL,PROCESSOR,MATCHED,M021-ad7b5ccd,false,false,TRAP-000,ONE_TO_ONE_STABLE,
INT-0000986,INTERNAL,BANK,MATCHED,M022-ff80168e,false,false,TRAP-001,ONE_TO_ONE_STABLE,
INT-0000986,INTERNAL,PROCESSOR,MATCHED,M022-ff80168e,false,false,TRAP-001,ONE_TO_ONE_STABLE,
INT-0000987,INTERNAL,BANK,MATCHED,M022-832deac3,false,false,TRAP-001,ONE_TO_ONE_STABLE,
INT-0000987,INTERNAL,PROCESSOR,MATCHED,M022-832deac3,false,false,TRAP-001,ONE_TO_ONE_STABLE,
INT-0000988,INTERNAL,BANK,MATCHED,M021-4bc436a4,false,false,TRAP-002,ONE_TO_ONE_STABLE,
INT-0000988,INTERNAL,PROCESSOR,MATCHED,M021-4bc436a4,false,false,TRAP-002,ONE_TO_ONE_STABLE,
INT-0000989,INTERNAL,BANK,MATCHED,M021-189c0be4,false,false,TRAP-002,ONE_TO_ONE_STABLE,
INT-0000989,INTERNAL,PROCESSOR,MATCHED,M021-189c0be4,false,false,TRAP-002,ONE_TO_ONE_STABLE,
INT-0000990,INTERNAL,BANK,MATCHED,M022-7793d77e,false,false,TRAP-003,ONE_TO_ONE_STABLE,
INT-0000990,INTERNAL,PROCESSOR,MATCHED,M022-7793d77e,false,false,TRAP-003,ONE_TO_ONE_STABLE,
INT-0000991,INTERNAL,BANK,MATCHED,M022-96ba9319,false,false,TRAP-003,ONE_TO_ONE_STABLE,
INT-0000991,INTERNAL,PROCESSOR,MATCHED,M022-96ba9319,false,false,TRAP-003,ONE_TO_ONE_STABLE,
INT-0000992,INTERNAL,BANK,MATCHED,M023-3f49a3e2,true,false,,,DENSE-00
INT-0000992,INTERNAL,PROCESSOR,MATCHED,M023-3f49a3e2,false,false,,,DENSE-00
INT-0000993,INTERNAL,BANK,MATCHED,M023-80710f37,true,false,,,DENSE-00
INT-0000993,INTERNAL,PROCESSOR,MATCHED,M023-80710f37,false,false,,,DENSE-00
INT-0000994,INTERNAL,BANK,MATCHED,M023-27d0ccbf,true,false,,,DENSE-00
INT-0000994,INTERNAL,PROCESSOR,MATCHED,M023-27d0ccbf,false,false,,,DENSE-00
INT-0000995,INTERNAL,BANK,MATCHED,M023-e52d76e5,true,false,,,DENSE-00
INT-0000995,INTERNAL,PROCESSOR,MATCHED,M023-e52d76e5,false,false,,,DENSE-00
INT-0000996,INTERNAL,BANK,MATCHED,M023-9a044216,true,false,,,DENSE-00
INT-0000996,INTERNAL,PROCESSOR,MATCHED,M023-9a044216,false,false,,,DENSE-00
INT-0000997,INTERNAL,BANK,MATCHED,M023-69b20104,true,false,,,DENSE-00
INT-0000997,INTERNAL,PROCESSOR,MATCHED,M023-69b20104,false,false,,,DENSE-00
INT-0000998,INTERNAL,BANK,MATCHED,M023-3bfea050,true,true,,,DENSE-00
INT-0000998,INTERNAL,PROCESSOR,MATCHED,M023-3bfea050,false,false,,,DENSE-00
INT-0000999,INTERNAL,BANK,MATCHED,M023-c21d48f7,true,true,,,DENSE-00
INT-0000999,INTERNAL,PROCESSOR,MATCHED,M023-c21d48f7,false,false,,,DENSE-00
PRC-0000000,PROCESSOR,PROCESSOR,MATCHED,M011-123b1612,false,false,,,
PRC-0000001,PROCESSOR,PROCESSOR,AMOUNT_MISMATCH,M003-d1371c17,false,false,,,
PRC-0000002,PROCESSOR,PROCESSOR,MATCHED,M014-9536b321,false,false,,,
PRC-0000003,PROCESSOR,PROCESSOR,MATCHED,M016-eeb97572,false,false,,,
PRC-0000004,PROCESSOR,PROCESSOR,MATCHED,M017-e923d5a4,false,false,,,
PRC-0000005,PROCESSOR,PROCESSOR,MATCHED,M014-aabfe228,false,false,,,
PRC-0000006,PROCESSOR,PROCESSOR,MATCHED,M003-e9cb0eb5,false,false,,,
PRC-0000007,PROCESSOR,PROCESSOR,MATCHED,M016-47ccf25e,false,false,,,
PRC-0000008,PROCESSOR,PROCESSOR,MATCHED,M009-8dbc7425,false,false,,,
PRC-0000009,PROCESSOR,PROCESSOR,MATCHED,M008-58904dba,false,false,,,
PRC-0000010,PROCESSOR,PROCESSOR,MATCHED,M017-cccc3fc1,false,false,,,
PRC-0000011,PROCESSOR,PROCESSOR,MATCHED,M007-a13043b0,false,false,,,
PRC-0000011-D1,PROCESSOR,PROCESSOR,DUPLICATE,M007-a13043b0,false,false,,,
PRC-0000012,PROCESSOR,PROCESSOR,MATCHED,M007-8bbf33fe,false,false,,,
PRC-0000013,PROCESSOR,PROCESSOR,MATCHED,M010-a8f506b4,false,false,,,
PRC-0000014,PROCESSOR,PROCESSOR,MATCHED,M001-8b5b7a76,false,false,,,
PRC-0000015,PROCESSOR,PROCESSOR,MATCHED,M013-fb008f86,false,false,,,
PRC-0000016,PROCESSOR,PROCESSOR,MATCHED,M012-b2737f6a,false,false,,,
PRC-0000017,PROCESSOR,PROCESSOR,MATCHED,M020-b23c6f5d,false,false,,,
PRC-0000018,PROCESSOR,PROCESSOR,MATCHED,M011-ec255404,false,false,,,
PRC-0000019,PROCESSOR,PROCESSOR,MATCHED,M015-fb440034,false,false,,,
PRC-0000020,PROCESSOR,PROCESSOR,MATCHED,M007-697a8d41,false,false,,,
PRC-0000021,PROCESSOR,PROCESSOR,MATCHED,M012-d440e504,false,false,,,
PRC-0000022,PROCESSOR,PROCESSOR,MATCHED,M016-af317681,false,false,,,
PRC-0000023,PROCESSOR,PROCESSOR,MATCHED,M017-2ea68ef7,false,false,,,
PRC-0000024,PROCESSOR,PROCESSOR,MATCHED,M009-4d3cea27,false,false,,,
PRC-0000025,PROCESSOR,PROCESSOR,MATCHED,M007-4b484e73,false,false,,,
PRC-0000026,PROCESSOR,PROCESSOR,MATCHED,M016-5dcad6ba,false,false,,,
PRC-0000027,PROCESSOR,PROCESSOR,MATCHED,M001-e0ca9237,false,false,,,
PRC-0000028,PROCESSOR,PROCESSOR,MATCHED,M004-1584d8c4,false,false,,,
PRC-0000029,PROCESSOR,PROCESSOR,MATCHED,M017-2815d280,false,false,,,
PRC-0000030,PROCESSOR,PROCESSOR,MATCHED,M009-283e0ad8,false,false,,,
PRC-0000031,PROCESSOR,PROCESSOR,MATCHED,M002-58156996,false,false,,,
PRC-0000032,PROCESSOR,PROCESSOR,MATCHED,M017-081006f7,false,false,,,
PRC-0000033,PROCESSOR,PROCESSOR,MATCHED,M004-c967a64c,false,false,,,
PRC-0000034,PROCESSOR,PROCESSOR,MATCHED,M002-8d512c97,false,false,,,
PRC-0000035,PROCESSOR,PROCESSOR,AMOUNT_MISMATCH,M002-8e08baa7,false,false,,,
PRC-0000036,PROCESSOR,PROCESSOR,MATCHED,M012-c2f86702,false,false,,,
PRC-0000037,PROCESSOR,PROCESSOR,MATCHED,M003-1c099724,false,false,,,
PRC-0000038,PROCESSOR,PROCESSOR,MATCHED,M020-f4941d40,false,false,,,
PRC-0000039,PROCESSOR,PROCESSOR,MATCHED,M019-14b3ce10,false,false,,,
PRC-0000040,PROCESSOR,PROCESSOR,MATCHED,M008-e222f828,false,false,,,
PRC-0000041,PROCESSOR,PROCESSOR,MATCHED,M007-efc2f916,false,false,,,
PRC-0000041-D1,PROCESSOR,PROCESSOR,DUPLICATE,M007-efc2f916,false,false,,,
PRC-0000042,PROCESSOR,PROCESSOR,MATCHED,M005-940f1f83,false,false,,,
PRC-0000043,PROCESSOR,PROCESSOR,MATCHED,M016-9eee3692,false,false,,,
PRC-0000044,PROCESSOR,PROCESSOR,MATCHED,M001-e8c66224,false,false,,,
PRC-0000045,PROCESSOR,PROCESSOR,MATCHED,M009-83b7ffc0,false,false,,,
PRC-0000046,PROCESSOR,PROCESSOR,MATCHED,M016-4dbca3a0,false,false,,,
PRC-0000047,PROCESSOR,PROCESSOR,MATCHED,M011-098b2cc2,false,false,,,
PRC-0000048,PROCESSOR,PROCESSOR,MATCHED,M014-8319478d,false,false,,,
PRC-0000049,PROCESSOR,PROCESSOR,MATCHED,M007-0c621de4,false,false,,,
PRC-0000050,PROCESSOR,PROCESSOR,MATCHED,M010-45fda998,false,false,,,
PRC-0000051,PROCESSOR,PROCESSOR,MATCHED,M009-9fc35526,false,false,,,
PRC-0000052,PROCESSOR,PROCESSOR,MATCHED,M016-ed46725a,false,false,,,
PRC-0000053,PROCESSOR,PROCESSOR,MATCHED,M011-60dcd6c8,false,false,,,
PRC-0000054,PROCESSOR,PROCESSOR,MATCHED,M002-b46287cc,false,false,,,
PRC-0000055,PROCESSOR,PROCESSOR,MATCHED,M014-41dff02c,false,false,,,
PRC-0000056,PROCESSOR,PROCESSOR,AMOUNT_MISMATCH,M017-37443e21,false,false,,,
PRC-0000057,PROCESSOR,PROCESSOR,MATCHED,M019-48d33296,false,false,,,
PRC-0000058,PROCESSOR,PROCESSOR,AMOUNT_MISMATCH,M008-9e8a7f77,false,false,,,
PRC-0000059,PROCESSOR,PROCESSOR,AMOUNT_MISMATCH,M002-d287db7f,false,false,,,
PRC-0000060,PROCESSOR,PROCESSOR,MATCHED,M012-926f6967,false,false,,,
PRC-0000062,PROCESSOR,PROCESSOR,MATCHED,M001-15cea325,false,false,,,
PRC-0000063,PROCESSOR,PROCESSOR,MATCHED,M006-cbae5302,false,false,,,
PRC-0000064,PROCESSOR,PROCESSOR,MATCHED,M012-6cb9d21f,false,false,,,
PRC-0000065,PROCESSOR,PROCESSOR,AMOUNT_MISMATCH,M018-bf0d7c1c,false,false,,,
PRC-0000066,PROCESSOR,PROCESSOR,MATCHED,M009-ab8a18a8,false,false,,,
PRC-0000067,PROCESSOR,PROCESSOR,MATCHED,M020-3fec8df4,false,false,,,
PRC-0000068,PROCESSOR,PROCESSOR,MATCHED,M006-47aaeb26,false,false,,,
PRC-0000069,PROCESSOR,PROCESSOR,MATCHED,M006-1fa5d328,false,false,,,
PRC-0000070,PROCESSOR,PROCESSOR,MATCHED,M007-e574de73,false,false,,,
PRC-0000071,PROCESSOR,PROCESSOR,MATCHED,M010-8b886e75,false,false,,,
PRC-0000072,PROCESSOR,PROCESSOR,MATCHED,M005-6a2c8773,false,false,,,
PRC-0000073,PROCESSOR,PROCESSOR,MATCHED,M002-7eb19731,false,false,,,
PRC-0000074,PROCESSOR,PROCESSOR,AMOUNT_MISMATCH,M019-b5e803b6,false,false,,,
PRC-0000075,PROCESSOR,PROCESSOR,MATCHED,M002-60adb592,false,false,,,
PRC-0000076,PROCESSOR,PROCESSOR,MATCHED,M016-3c425c8d,false,false,,,
PRC-0000077,PROCESSOR,PROCESSOR,MATCHED,M010-bdd0b6cc,false,false,,,
PRC-0000078,PROCESSOR,PROCESSOR,AMOUNT_MISMATCH,M001-d32cbe54,false,false,,,
PRC-0000079,PROCESSOR,PROCESSOR,MATCHED,M013-b54b9552,false,false,,,
PRC-0000080,PROCESSOR,PROCESSOR,MATCHED,M007-fa1c257c,false,false,,,
PRC-0000081,PROCESSOR,PROCESSOR,MATCHED,M007-61c5cb34,false,false,,,
PRC-0000082,PROCESSOR,PROCESSOR,MATCHED,M007-1a3ce9d9,false,false,,,
PRC-0000083,PROCESSOR,PROCESSOR,MATCHED,M014-ee500fe7,false,false,,,
PRC-0000084,PROCESSOR,PROCESSOR,MATCHED,M020-fc324bdb,false,false,,,
PRC-0000085,PROCESSOR,PROCESSOR,MATCHED,M017-42a21c40,false,false,,,
PRC-0000086,PROCESSOR,PROCESSOR,MATCHED,M020-f9572b85,false,false,,,
PRC-0000087,PROCESSOR,PROCESSOR,AMOUNT_MISMATCH,M020-48f687ab,false,false,,,
PRC-0000088,PROCESSOR,PROCESSOR,MATCHED,M006-c5831be3,false,false,,,
PRC-0000089,PROCESSOR,PROCESSOR,MATCHED,M018-8cb4ba2e,false,false,,,
PRC-0000090,PROCESSOR,PROCESSOR,MATCHED,M020-89a01749,false,false,,,
PRC-0000091,PROCESSOR,PROCESSOR,MATCHED,M014-14f71010,false,false,,,
PRC-0000092,PROCESSOR,PROCESSOR,MATCHED,M010-7d946bf5,false,false,,,
PRC-0000093,PROCESSOR,PROCESSOR,MATCHED,M008-248c801b,false,false,,,
PRC-0000094,PROCESSOR,PROCESSOR,MATCHED,M019-f750110c,false,false,,,
PRC-0000095,PROCESSOR,PROCESSOR,MATCHED,M006-064d6d59,false,false,,,
PRC-0000096,PROCESSOR,PROCESSOR,MATCHED,M002-0cde2e57,false,false,,,
PRC-0000097,PROCESSOR,PROCESSOR,MATCHED,M009-3a818d89,false,false,,,
PRC-0000098,PROCESSOR,PROCESSOR,MATCHED,M007-058765a6,false,false,,,
PRC-0000099,PROCESSOR,PROCESSOR,MATCHED,M011-ff00d796,false,false,,,
PRC-0000100,PROCESSOR,PROCESSOR,MATCHED,M019-410335b4,false,false,,,
PRC-0000101,PROCESSOR,PROCESSOR,MATCHED,M001-1212b62c,false,false,,,
PRC-0000102,PROCESSOR,PROCESSOR,MATCHED,M007-29f34369,false,false,,,
PRC-0000103,PROCESSOR,PROCESSOR,MATCHED,M014-891baf90,false,false,,,
PRC-0000104,PROCESSOR,PROCESSOR,AMOUNT_MISMATCH,M001-bf16295d,false,false,,,
PRC-0000105,PROCESSOR,PROCESSOR,MATCHED,M002-3f5fb859,false,false,,,
PRC-0000106,PROCESSOR,PROCESSOR,MATCHED,M008-2f3ab3cc,false,false,,,
PRC-0000107,PROCESSOR,PROCESSOR,MATCHED,M003-0b698d5c,false,false,,,
PRC-0000108,PROCESSOR,PROCESSOR,MATCHED,M008-1ba4ea5e,false,false,,,
PRC-0000109,PROCESSOR,PROCESSOR,MATCHED,M009-e7689447,false,false,,,
PRC-0000110,PROCESSOR,PROCESSOR,MATCHED,M020-a683536c,false,false,,,
PRC-0000111,PROCESSOR,PROCESSOR,MATCHED,M005-d863386c,false,false,,,
PRC-0000112,PROCESSOR,PROCESSOR,MATCHED,M001-79e048c0,false,false,,,
PRC-0000113,PROCESSOR,PROCESSOR,MATCHED,M014-753eda83,false,false,,,
PRC-0000114,PROCESSOR,PROCESSOR,MATCHED,M008-58dfe0d5,false,false,,,
PRC-0000115,PROCESSOR,PROCESSOR,MATCHED,M011-318656b3,false,false,,,
PRC-0000116,PROCESSOR,PROCESSOR,MATCHED,M015-0bade65c,false,false,,,
PRC-0000117,PROCESSOR,PROCESSOR,MATCHED,M004-88cc102d,false,false,,,
PRC-0000118,PROCESSOR,PROCESSOR,MATCHED,M012-9c7ce654,false,false,,,
PRC-0000119,PROCESSOR,PROCESSOR,MATCHED,M003-74bde94f,false,false,,,
PRC-0000120,PROCESSOR,PROCESSOR,MATCHED,M008-8d5f08b7,false,false,,,
PRC-0000121,PROCESSOR,PROCESSOR,MATCHED,M011-2b49c12a,false,false,,,
PRC-0000122,PROCESSOR,PROCESSOR,MATCHED,M005-00629834,false,false,,,
PRC-0000123,PROCESSOR,PROCESSOR,MATCHED,M006-6c5296f6,false,false,,,
PRC-0000124,PROCESSOR,PROCESSOR,MATCHED,M015-8d74ff1f,false,false,,,
PRC-0000125,PROCESSOR,PROCESSOR,MATCHED,M005-505aef9e,false,false,,,
PRC-0000126,PROCESSOR,PROCESSOR,MATCHED,M014-b001a3ff,false,false,,,
PRC-0000127,PROCESSOR,PROCESSOR,MATCHED,M005-4a3baf69,false,false,,,
PRC-0000128,PROCESSOR,PROCESSOR,MATCHED,M014-99bfca8b,false,false,,,
PRC-0000129,PROCESSOR,PROCESSOR,MATCHED,M016-a9421cc1,false,false,,,
PRC-0000130,PROCESSOR,PROCESSOR,MATCHED,M004-f1c4261e,false,false,,,
PRC-0000131,PROCESSOR,PROCESSOR,MATCHED,M006-1d30b498,false,false,,,
PRC-0000132,PROCESSOR,PROCESSOR,MATCHED,M006-0d1f13dc,false,false,,,
PRC-0000133,PROCESSOR,PROCESSOR,MATCHED,M001-4fd32f64,false,false,,,
PRC-0000134,PROCESSOR,PROCESSOR,MATCHED,M014-2634f087,false,false,,,
PRC-0000135,PROCESSOR,PROCESSOR,MATCHED,M006-29fe8110,false,false,,,
PRC-0000136,PROCESSOR,PROCESSOR,MATCHED,M020-95f1abef,false,false,,,
PRC-0000137,PROCESSOR,PROCESSOR,MATCHED,M005-5dfce8a9,false,false,,,
PRC-0000138,PROCESSOR,PROCESSOR,MATCHED,M020-049d7ccc,false,false,,,
PRC-0000139,PROCESSOR,PROCESSOR,MATCHED,M008-a88d5194,false,false,,,
PRC-0000140,PROCESSOR,PROCESSOR,MATCHED,M019-fb2fc679,false,false,,,
PRC-0000141,PROCESSOR,PROCESSOR,MATCHED,M013-80ce2b27,false,false,,,
PRC-0000142,PROCESSOR,PROCESSOR,MATCHED,M017-af666625,false,false,,,
PRC-0000143,PROCESSOR,PROCESSOR,MATCHED,M010-bc471fb3,false,false,,,
PRC-0000144,PROCESSOR,PROCESSOR,MATCHED,M015-0b80316f,false,false,,,
PRC-0000145,PROCESSOR,PROCESSOR,MATCHED,M007-d3e481a6,false,false,,,
PRC-0000146,PROCESSOR,PROCESSOR,MATCHED,M013-1bef2c32,false,false,,,
PRC-0000147,PROCESSOR,PROCESSOR,AMOUNT_MISMATCH,M019-c5e5b775,false,false,,,
PRC-0000148,PROCESSOR,PROCESSOR,MATCHED,M002-8f134a06,false,false,,,
PRC-0000149,PROCESSOR,PROCESSOR,MATCHED,M010-3fab8c3b,false,false,,,
PRC-0000150,PROCESSOR,PROCESSOR,MATCHED,M006-0e61572b,false,false,,,
PRC-0000151,PROCESSOR,PROCESSOR,MATCHED,M005-02eaa7f3,false,false,,,
PRC-0000152,PROCESSOR,PROCESSOR,MATCHED,M005-5e4e48dd,false,false,,,
PRC-0000153,PROCESSOR,PROCESSOR,MATCHED,M001-a58f3aef,false,false,,,
PRC-0000154,PROCESSOR,PROCESSOR,MATCHED,M017-f9386bd8,false,false,,,
PRC-0000155,PROCESSOR,PROCESSOR,MATCHED,M008-d51940ea,false,false,,,
PRC-0000156,PROCESSOR,PROCESSOR,MATCHED,M015-95bd1d68,false,false,,,
PRC-0000157,PROCESSOR,PROCESSOR,MATCHED,M005-5622f856,false,false,,,
PRC-0000158,PROCESSOR,PROCESSOR,AMOUNT_MISMATCH,M007-2d1ba9f2,false,false,,,
PRC-0000159,PROCESSOR,PROCESSOR,MATCHED,M009-b15b0be2,false,false,,,
PRC-0000160,PROCESSOR,PROCESSOR,MATCHED,M008-193fe040,false,false,,,
PRC-0000161,PROCESSOR,PROCESSOR,MATCHED,M003-53980036,false,false,,,
PRC-0000162,PROCESSOR,PROCESSOR,MATCHED,M020-e3b35183,false,false,,,
PRC-0000163,PROCESSOR,PROCESSOR,MATCHED,M019-3c4774ec,false,false,,,
PRC-0000164,PROCESSOR,PROCESSOR,MATCHED,M001-1c1bac7a,false,false,,,
PRC-0000165,PROCESSOR,PROCESSOR,MATCHED,M019-1a4b7d0b,false,false,,,
PRC-0000166,PROCESSOR,PROCESSOR,AMOUNT_MISMATCH,M003-074dce11,false,false,,,
PRC-0000167,PROCESSOR,PROCESSOR,MATCHED,M018-830d7193,false,false,,,
PRC-0000168,PROCESSOR,PROCESSOR,MATCHED,M006-82e4e349,false,false,,,
PRC-0000169,PROCESSOR,PROCESSOR,MATCHED,M019-29e7c6be,false,false,,,
PRC-0000170,PROCESSOR,PROCESSOR,MATCHED,M010-07a76cc0,false,false,,,
PRC-0000171,PROCESSOR,PROCESSOR,MATCHED,M006-af896910,false,false,,,
PRC-0000172,PROCESSOR,PROCESSOR,MATCHED,M003-1ceb374d,false,false,,,
PRC-0000173,PROCESSOR,PROCESSOR,MATCHED,M012-83f84d30,false,false,,,
PRC-0000174,PROCESSOR,PROCESSOR,MATCHED,M018-4d83cee9,false,false,,,
PRC-0000175,PROCESSOR,PROCESSOR,MATCHED,M010-ca0fce95,false,false,,,
PRC-0000176,PROCESSOR,PROCESSOR,MATCHED,M005-72aa7a6d,false,false,,,
PRC-0000177,PROCESSOR,PROCESSOR,AMOUNT_MISMATCH,M001-f99ddceb,false,false,,,
PRC-0000178,PROCESSOR,PROCESSOR,MATCHED,M001-3dbc46df,false,false,,,
PRC-0000179,PROCESSOR,PROCESSOR,MATCHED,M020-25bab295,false,false,,,
PRC-0000180,PROCESSOR,PROCESSOR,MATCHED,M010-d5966d51,false,false,,,
PRC-0000181,PROCESSOR,PROCESSOR,MATCHED,M020-1d00909c,false,false,,,
PRC-0000182,PROCESSOR,PROCESSOR,MATCHED,M019-65f846d3,false,false,,,
PRC-0000183,PROCESSOR,PROCESSOR,MATCHED,M017-25fed10a,false,false,,,
PRC-0000184,PROCESSOR,PROCESSOR,AMOUNT_MISMATCH,M008-1832b6ec,false,false,,,
PRC-0000185,PROCESSOR,PROCESSOR,MATCHED,M019-777155a0,false,false,,,
PRC-0000186,PROCESSOR,PROCESSOR,MATCHED,M015-8f27c7d9,false,false,,,
PRC-0000187,PROCESSOR,PROCESSOR,MATCHED,M016-255bc509,false,false,,,
PRC-0000188,PROCESSOR,PROCESSOR,MATCHED,M012-cac23db7,false,false,,,
PRC-0000189,PROCESSOR,PROCESSOR,MATCHED,M015-d180a474,false,false,,,
PRC-0000190,PROCESSOR,PROCESSOR,MATCHED,M018-e75bb6cc,false,false,,,
PRC-0000191,PROCESSOR,PROCESSOR,MATCHED,M019-67e48eb7,false,false,,,
PRC-0000192,PROCESSOR,PROCESSOR,MATCHED,M017-28c0490c,false,false,,,
PRC-0000193,PROCESSOR,PROCESSOR,MATCHED,M006-32b96292,false,false,,,
PRC-0000194,PROCESSOR,PROCESSOR,MATCHED,M005-ce4850bb,false,false,,,
PRC-0000195,PROCESSOR,PROCESSOR,MATCHED,M001-b3593871,false,false,,,
PRC-0000196,PROCESSOR,PROCESSOR,MATCHED,M020-94c1957f,false,false,,,
PRC-0000197,PROCESSOR,PROCESSOR,AMOUNT_MISMATCH,M009-b0391173,false,false,,,
PRC-0000198,PROCESSOR,PROCESSOR,MATCHED,M012-782bdeae,false,false,,,
PRC-0000199,PROCESSOR,PROCESSOR,MATCHED,M007-4f618557,false,false,,,
PRC-0000200,PROCESSOR,PROCESSOR,MATCHED,M008-bd26944f,false,false,,,
PRC-0000201,PROCESSOR,PROCESSOR,MATCHED,M008-e4b9447a,false,false,,,
PRC-0000202,PROCESSOR,PROCESSOR,MATCHED,M004-4ec6390b,false,false,,,
PRC-0000203,PROCESSOR,PROCESSOR,MATCHED,M002-9639e35a,false,false,,,
PRC-0000204,PROCESSOR,PROCESSOR,MATCHED,M019-210ef2a8,false,false,,,
PRC-0000205,PROCESSOR,PROCESSOR,MATCHED,M014-a0b29872,false,false,,,
PRC-0000206,PROCESSOR,PROCESSOR,MATCHED,M001-49b5539a,false,false,,,
PRC-0000207,PROCESSOR,PROCESSOR,MATCHED,M012-4b87113c,false,false,,,
PRC-0000208,PROCESSOR,PROCESSOR,MATCHED,M007-5924754e,false,false,,,
PRC-0000209,PROCESSOR,PROCESSOR,MATCHED,M013-f66b01d4,false,false,,,
PRC-0000210,PROCESSOR,PROCESSOR,MATCHED,M002-2e055c90,false,false,,,
PRC-0000211,PROCESSOR,PROCESSOR,MATCHED,M019-f2aed4c2,false,false,,,
PRC-0000212,PROCESSOR,PROCESSOR,MATCHED,M002-9dbf49a0,false,false,,,
PRC-0000213,PROCESSOR,PROCESSOR,MATCHED,M008-4bdb7ec8,false,false,,,
PRC-0000214,PROCESSOR,PROCESSOR,MATCHED,M006-78368f7e,false,false,,,
PRC-0000215,PROCESSOR,PROCESSOR,MATCHED,M019-2d2e433e,false,false,,,
PRC-0000216,PROCESSOR,PROCESSOR,MATCHED,M013-f24b1c71,false,false,,,
PRC-0000217,PROCESSOR,PROCESSOR,MATCHED,M001-34d263b5,false,false,,,
PRC-0000218,PROCESSOR,PROCESSOR,MATCHED,M011-37bbf1b3,false,false,,,
PRC-0000219,PROCESSOR,PROCESSOR,MATCHED,M011-8b6e0e30,false,false,,,
PRC-0000220,PROCESSOR,PROCESSOR,MATCHED,M003-9c488e00,false,false,,,
PRC-0000221,PROCESSOR,PROCESSOR,MATCHED,M005-1125cf5e,false,false,,,
PRC-0000222,PROCESSOR,PROCESSOR,MATCHED,M020-694165be,false,false,,,
PRC-0000223,PROCESSOR,PROCESSOR,MATCHED,M015-a0afa707,false,false,,,
PRC-0000224,PROCESSOR,PROCESSOR,MATCHED,M020-48c828b4,false,false,,,
PRC-0000225,PROCESSOR,PROCESSOR,MATCHED,M002-d3b97429,false,false,,,
PRC-0000226,PROCESSOR,PROCESSOR,MATCHED,M011-7bca1aaf,false,false,,,
PRC-0000227,PROCESSOR,PROCESSOR,MATCHED,M008-460ecec9,false,false,,,
PRC-0000228,PROCESSOR,PROCESSOR,MATCHED,M019-98a26259,false,false,,,
PRC-0000229,PROCESSOR,PROCESSOR,MATCHED,M015-2fa58805,false,false,,,
PRC-0000230,PROCESSOR,PROCESSOR,MATCHED,M008-ce693671,false,false,,,
PRC-0000231,PROCESSOR,PROCESSOR,MATCHED,M020-a40680a0,false,false,,,
PRC-0000232,PROCESSOR,PROCESSOR,MATCHED,M011-ca51d12a,false,false,,,
PRC-0000233,PROCESSOR,PROCESSOR,MATCHED,M020-00aa1da5,false,false,,,
PRC-0000234,PROCESSOR,PROCESSOR,MATCHED,M007-bbdb4a78,false,false,,,
PRC-0000235,PROCESSOR,PROCESSOR,MATCHED,M016-9e8b8480,false,false,,,
PRC-0000236,PROCESSOR,PROCESSOR,MATCHED,M004-7c204316,false,false,,,
PRC-0000237,PROCESSOR,PROCESSOR,MATCHED,M006-b4550b7e,false,false,,,
PRC-0000238,PROCESSOR,PROCESSOR,MATCHED,M016-ce6a0302,false,false,,,
PRC-0000239,PROCESSOR,PROCESSOR,MATCHED,M013-cdc70808,false,false,,,
PRC-0000240,PROCESSOR,PROCESSOR,MATCHED,M008-ad89f65f,false,false,,,
PRC-0000241,PROCESSOR,PROCESSOR,MATCHED,M009-92a0f75a,false,false,,,
PRC-0000242,PROCESSOR,PROCESSOR,MATCHED,M020-16b1e5d4,false,false,,,
PRC-0000243,PROCESSOR,PROCESSOR,MATCHED,M010-40494b35,false,false,,,
PRC-0000244,PROCESSOR,PROCESSOR,MATCHED,M013-ca176014,false,false,,,
PRC-0000245,PROCESSOR,PROCESSOR,MATCHED,M008-01a233f4,false,false,,,
PRC-0000246,PROCESSOR,PROCESSOR,MATCHED,M001-43bf2b67,false,false,,,
PRC-0000247,PROCESSOR,PROCESSOR,AMOUNT_MISMATCH,M009-82161db8,false,false,,,
PRC-0000248,PROCESSOR,PROCESSOR,MATCHED,M018-d8cdadc4,false,false,,,
PRC-0000249,PROCESSOR,PROCESSOR,MATCHED,M013-078c7632,false,false,,,
PRC-0000250,PROCESSOR,PROCESSOR,MATCHED,M002-aeae0ffa,false,false,,,
PRC-0000251,PROCESSOR,PROCESSOR,MATCHED,M013-cb2c8a27,false,false,,,
PRC-0000252,PROCESSOR,PROCESSOR,MATCHED,M009-bf742b65,false,false,,,
PRC-0000253,PROCESSOR,PROCESSOR,MATCHED,M008-51acbd3d,false,false,,,
PRC-0000254,PROCESSOR,PROCESSOR,MATCHED,M009-b9e28c9e,false,false,,,
PRC-0000255,PROCESSOR,PROCESSOR,MATCHED,M015-404bf7ba,false,false,,,
PRC-0000256,PROCESSOR,PROCESSOR,MATCHED,M009-081598a8,false,false,,,
PRC-0000257,PROCESSOR,PROCESSOR,MATCHED,M015-f264d9b1,false,false,,,
PRC-0000258,PROCESSOR,PROCESSOR,MATCHED,M013-dd8b7c46,false,false,,,
PRC-0000259,PROCESSOR,PROCESSOR,MATCHED,M019-a22eccdf,false,false,,,
PRC-0000260,PROCESSOR,PROCESSOR,MATCHED,M001-eeddf52e,false,false,,,
PRC-0000261,PROCESSOR,PROCESSOR,MATCHED,M005-6c19ace3,false,false,,,
PRC-0000262,PROCESSOR,PROCESSOR,MATCHED,M019-26e16af1,false,false,,,
PRC-0000263,PROCESSOR,PROCESSOR,MATCHED,M014-4aa60588,false,false,,,
PRC-0000264,PROCESSOR,PROCESSOR,MATCHED,M009-d1997cd8,false,false,,,
PRC-0000265,PROCESSOR,PROCESSOR,MATCHED,M005-bef4ba6e,false,false,,,
PRC-0000266,PROCESSOR,PROCESSOR,MATCHED,M018-02da187e,false,false,,,
PRC-0000267,PROCESSOR,PROCESSOR,MATCHED,M007-6615d314,false,false,,,
PRC-0000268,PROCESSOR,PROCESSOR,MATCHED,M003-5f796546,false,false,,,
PRC-0000269,PROCESSOR,PROCESSOR,MATCHED,M015-1d78ed41,false,false,,,
PRC-0000270,PROCESSOR,PROCESSOR,MATCHED,M005-97a498a6,false,false,,,
PRC-0000271,PROCESSOR,PROCESSOR,MATCHED,M008-c49726e4,false,false,,,
PRC-0000272,PROCESSOR,PROCESSOR,MATCHED,M014-31b3629f,false,false,,,
PRC-0000273,PROCESSOR,PROCESSOR,MATCHED,M016-89264f87,false,false,,,
PRC-0000274,PROCESSOR,PROCESSOR,MATCHED,M010-30b64915,false,false,,,
PRC-0000275,PROCESSOR,PROCESSOR,MATCHED,M015-b5392e33,false,false,,,
PRC-0000276,PROCESSOR,PROCESSOR,MATCHED,M020-113d4db2,false,false,,,
PRC-0000277,PROCESSOR,PROCESSOR,MATCHED,M006-a0f94833,false,false,,,
PRC-0000278,PROCESSOR,PROCESSOR,MATCHED,M004-3ae7518b,false,false,,,
PRC-0000279,PROCESSOR,PROCESSOR,MATCHED,M010-4773031f,false,false,,,
PRC-0000280,PROCESSOR,PROCESSOR,MATCHED,M019-25480dc3,false,false,,,
PRC-0000281,PROCESSOR,PROCESSOR,AMOUNT_MISMATCH,M004-677172a3,false,false,,,
PRC-0000282,PROCESSOR,PROCESSOR,MATCHED,M011-50add127,false,false,,,
PRC-0000283,PROCESSOR,PROCESSOR,AMOUNT_MISMATCH,M017-4667a20f,false,false,,,
PRC-0000284,PROCESSOR,PROCESSOR,MATCHED,M003-1bd2b5ff,false,false,,,
PRC-0000285,PROCESSOR,PROCESSOR,MATCHED,M010-5dc93287,false,false,,,
PRC-0000286,PROCESSOR,PROCESSOR,MATCHED,M019-f1ccacc2,false,false,,,
PRC-0000287,PROCESSOR,PROCESSOR,MATCHED,M011-09f03fdd,false,false,,,
PRC-0000288,PROCESSOR,PROCESSOR,MATCHED,M015-62bce19a,false,false,,,
PRC-0000289,PROCESSOR,PROCESSOR,MATCHED,M006-7361c5c8,false,false,,,
PRC-0000290,PROCESSOR,PROCESSOR,MATCHED,M005-bc9fa65c,false,false,,,
PRC-0000291,PROCESSOR,PROCESSOR,MATCHED,M001-e8b3c48d,false,false,,,
PRC-0000291-D1,PROCESSOR,PROCESSOR,DUPLICATE,M001-e8b3c48d,false,false,,,
PRC-0000292,PROCESSOR,PROCESSOR,MATCHED,M020-9b9c1ffb,false,false,,,
PRC-0000293,PROCESSOR,PROCESSOR,MATCHED,M001-ce94e1af,false,false,,,
PRC-0000294,PROCESSOR,PROCESSOR,MATCHED,M009-1c58790d,false,false,,,
PRC-0000295,PROCESSOR,PROCESSOR,MATCHED,M014-cfb8a5f1,false,false,,,
PRC-0000296,PROCESSOR,PROCESSOR,MATCHED,M012-1595919c,false,false,,,
PRC-0000297,PROCESSOR,PROCESSOR,MATCHED,M012-f6aec38b,false,false,,,
PRC-0000298,PROCESSOR,PROCESSOR,MATCHED,M013-6ed5a148,false,false,,,
PRC-0000299,PROCESSOR,PROCESSOR,MATCHED,M016-8cbc938e,false,false,,,
PRC-0000300,PROCESSOR,PROCESSOR,MATCHED,M002-b8723d39,false,false,,,
PRC-0000301,PROCESSOR,PROCESSOR,MATCHED,M006-caccfab5,false,false,,,
PRC-0000302,PROCESSOR,PROCESSOR,MATCHED,M005-46a2d207,false,false,,,
PRC-0000303,PROCESSOR,PROCESSOR,MATCHED,M013-4477391c,false,false,,,
PRC-0000304,PROCESSOR,PROCESSOR,MATCHED,M005-286793b2,false,false,,,
PRC-0000305,PROCESSOR,PROCESSOR,MATCHED,M017-60e4e81e,false,false,,,
PRC-0000306,PROCESSOR,PROCESSOR,MATCHED,M020-e3f79aa7,false,false,,,
PRC-0000307,PROCESSOR,PROCESSOR,MATCHED,M007-07508db2,false,false,,,
PRC-0000308,PROCESSOR,PROCESSOR,MATCHED,M009-ccd71ba8,false,false,,,
PRC-0000308-D1,PROCESSOR,PROCESSOR,DUPLICATE,M009-ccd71ba8,false,false,,,
PRC-0000309,PROCESSOR,PROCESSOR,MATCHED,M016-e6a63c59,false,false,,,
PRC-0000310,PROCESSOR,PROCESSOR,MATCHED,M003-6869002b,false,false,,,
PRC-0000311,PROCESSOR,PROCESSOR,MATCHED,M001-5ab9315b,false,false,,,
PRC-0000312,PROCESSOR,PROCESSOR,MATCHED,M001-a34bff2a,false,false,,,
PRC-0000313,PROCESSOR,PROCESSOR,MATCHED,M016-8c6b8068,false,false,,,
PRC-0000314,PROCESSOR,PROCESSOR,AMOUNT_MISMATCH,M017-5d44036c,false,false,,,
PRC-0000315,PROCESSOR,PROCESSOR,MATCHED,M002-2aaef607,false,false,,,
PRC-0000316,PROCESSOR,PROCESSOR,MATCHED,M012-346eee21,false,false,,,
PRC-0000317,PROCESSOR,PROCESSOR,MATCHED,M006-ff43fc27,false,false,,,
PRC-0000318,PROCESSOR,PROCESSOR,AMOUNT_MISMATCH,M008-7173601e,false,false,,,
PRC-0000319,PROCESSOR,PROCESSOR,MATCHED,M002-4e0f3354,false,false,,,
PRC-0000320,PROCESSOR,PROCESSOR,MATCHED,M006-c0202219,false,false,,,
PRC-0000321,PROCESSOR,PROCESSOR,MATCHED,M001-e636d32b,false,false,,,
PRC-0000322,PROCESSOR,PROCESSOR,MATCHED,M003-2b89994f,false,false,,,
PRC-0000323,PROCESSOR,PROCESSOR,MATCHED,M011-2136ced6,false,false,,,
PRC-0000324,PROCESSOR,PROCESSOR,MATCHED,M003-04d159e8,false,false,,,
PRC-0000325,PROCESSOR,PROCESSOR,MATCHED,M009-0ac35e5f,false,false,,,
PRC-0000326,PROCESSOR,PROCESSOR,MATCHED,M011-0d0a7ba0,false,false,,,
PRC-0000327,PROCESSOR,PROCESSOR,MATCHED,M008-531adab2,false,false,,,
PRC-0000328,PROCESSOR,PROCESSOR,MATCHED,M015-17d26690,false,false,,,
PRC-0000329,PROCESSOR,PROCESSOR,MATCHED,M014-e59c7a80,false,false,,,
PRC-0000330,PROCESSOR,PROCESSOR,MATCHED,M009-2c922202,false,false,,,
PRC-0000331,PROCESSOR,PROCESSOR,MATCHED,M005-8e5389cd,false,false,,,
PRC-0000332,PROCESSOR,PROCESSOR,MATCHED,M006-eaa60c73,false,false,,,
PRC-0000333,PROCESSOR,PROCESSOR,AMOUNT_MISMATCH,M012-06225985,false,false,,,
PRC-0000334,PROCESSOR,PROCESSOR,MATCHED,M002-27129084,false,false,,,
PRC-0000335,PROCESSOR,PROCESSOR,MATCHED,M012-4b8bb537,false,false,,,
PRC-0000336,PROCESSOR,PROCESSOR,MATCHED,M006-0767cb7f,false,false,,,
PRC-0000337,PROCESSOR,PROCESSOR,MATCHED,M001-b790fef3,false,false,,,
PRC-0000338,PROCESSOR,PROCESSOR,MATCHED,M003-f57de136,false,false,,,
PRC-0000340,PROCESSOR,PROCESSOR,MATCHED,M014-5a632f8e,false,false,,,
PRC-0000341,PROCESSOR,PROCESSOR,MATCHED,M015-a368b23f,false,false,,,
PRC-0000342,PROCESSOR,PROCESSOR,MATCHED,M006-0f17f4b4,false,false,,,
PRC-0000343,PROCESSOR,PROCESSOR,MATCHED,M011-570e2e61,false,false,,,
PRC-0000344,PROCESSOR,PROCESSOR,MATCHED,M005-62c050bf,false,false,,,
PRC-0000345,PROCESSOR,PROCESSOR,MATCHED,M016-666f69e8,false,false,,,
PRC-0000346,PROCESSOR,PROCESSOR,MATCHED,M011-ad0b5704,false,false,,,
PRC-0000347,PROCESSOR,PROCESSOR,MATCHED,M009-c48738d4,false,false,,,
PRC-0000348,PROCESSOR,PROCESSOR,MATCHED,M017-157d52ed,false,false,,,
PRC-0000349,PROCESSOR,PROCESSOR,MATCHED,M019-8d31d309,false,false,,,
PRC-0000349-D1,PROCESSOR,PROCESSOR,DUPLICATE,M019-8d31d309,false,false,,,
PRC-0000350,PROCESSOR,PROCESSOR,MATCHED,M006-c93e7fb6,false,false,,,
PRC-0000351,PROCESSOR,PROCESSOR,MATCHED,M019-587db821,false,false,,,
PRC-0000352,PROCESSOR,PROCESSOR,MATCHED,M016-0efa5ea7,false,false,,,
PRC-0000353,PROCESSOR,PROCESSOR,MATCHED,M003-c47bbcfb,false,false,,,
PRC-0000354,PROCESSOR,PROCESSOR,MATCHED,M008-314cd2fe,false,false,,,
PRC-0000355,PROCESSOR,PROCESSOR,MATCHED,M019-a5f05cb3,false,false,,,
PRC-0000356,PROCESSOR,PROCESSOR,MATCHED,M010-6b9852e1,false,false,,,
PRC-0000357,PROCESSOR,PROCESSOR,MATCHED,M001-80205270,false,false,,,
PRC-0000358,PROCESSOR,PROCESSOR,MATCHED,M006-0032264f,false,false,,,
PRC-0000359,PROCESSOR,PROCESSOR,MATCHED,M017-df8a1285,false,false,,,
PRC-0000360,PROCESSOR,PROCESSOR,MATCHED,M003-4aaf4614,false,false,,,
PRC-0000361,PROCESSOR,PROCESSOR,MATCHED,M014-792f3246,false,false,,,
PRC-0000362,PROCESSOR,PROCESSOR,MATCHED,M015-2fd40663,false,false,,,
PRC-0000363,PROCESSOR,PROCESSOR,MATCHED,M015-da107079,false,false,,,
PRC-0000364,PROCESSOR,PROCESSOR,MATCHED,M015-6984517e,false,false,,,
PRC-0000365,PROCESSOR,PROCESSOR,MATCHED,M010-91a291a7,false,false,,,
PRC-0000366,PROCESSOR,PROCESSOR,MATCHED,M008-a3bf9232,false,false,,,
PRC-0000367,PROCESSOR,PROCESSOR,MATCHED,M014-7eafdbea,false,false,,,
PRC-0000368,PROCESSOR,PROCESSOR,MATCHED,M004-84142e19,false,false,,,
PRC-0000369,PROCESSOR,PROCESSOR,MATCHED,M011-4c311943,false,false,,,
PRC-0000370,PROCESSOR,PROCESSOR,MATCHED,M011-d575cdab,false,false,,,
PRC-0000371,PROCESSOR,PROCESSOR,MATCHED,M008-28cf759e,false,false,,,
PRC-0000372,PROCESSOR,PROCESSOR,MATCHED,M007-f3a708f4,false,false,,,
PRC-0000373,PROCESSOR,PROCESSOR,MATCHED,M020-a6d107b0,false,false,,,
PRC-0000374,PROCESSOR,PROCESSOR,MATCHED,M009-a7a8b9bb,false,false,,,
PRC-0000375,PROCESSOR,PROCESSOR,MATCHED,M010-0d715498,false,false,,,
PRC-0000376,PROCESSOR,PROCESSOR,MATCHED,M011-47a1b5a4,false,false,,,
PRC-0000377,PROCESSOR,PROCESSOR,MATCHED,M018-eafe6ab7,false,false,,,
PRC-0000378,PROCESSOR,PROCESSOR,MATCHED,M004-07b22f16,false,false,,,
PRC-0000379,PROCESSOR,PROCESSOR,MATCHED,M013-c9fab9b3,false,false,,,
PRC-0000380,PROCESSOR,PROCESSOR,MATCHED,M017-d0766bb3,false,false,,,
PRC-0000381,PROCESSOR,PROCESSOR,MATCHED,M019-d04d259b,false,false,,,
PRC-0000382,PROCESSOR,PROCESSOR,MATCHED,M008-5c2d6a9a,false,false,,,
PRC-0000384,PROCESSOR,PROCESSOR,MATCHED,M002-6e4644e0,false,false,,,
PRC-0000385,PROCESSOR,PROCESSOR,MATCHED,M020-7d6e120a,false,false,,,
PRC-0000386,PROCESSOR,PROCESSOR,MATCHED,M006-757563e6,false,false,,,
PRC-0000387,PROCESSOR,PROCESSOR,MATCHED,M014-e22d4ae5,false,false,,,
PRC-0000388,PROCESSOR,PROCESSOR,MATCHED,M018-675dbd99,false,false,,,
PRC-0000389,PROCESSOR,PROCESSOR,MATCHED,M007-6a395dfe,false,false,,,
PRC-0000390,PROCESSOR,PROCESSOR,MATCHED,M019-f6f4572b,false,false,,,
PRC-0000391,PROCESSOR,PROCESSOR,MATCHED,M003-dabc4e01,false,false,,,
PRC-0000392,PROCESSOR,PROCESSOR,MATCHED,M016-cd9504bc,false,false,,,
PRC-0000393,PROCESSOR,PROCESSOR,MATCHED,M019-c59340af,false,false,,,
PRC-0000394,PROCESSOR,PROCESSOR,AMOUNT_MISMATCH,M009-baf3a8c8,false,false,,,
PRC-0000396,PROCESSOR,PROCESSOR,MATCHED,M005-71d83342,false,false,,,
PRC-0000397,PROCESSOR,PROCESSOR,AMOUNT_MISMATCH,M005-1fcd2549,false,false,,,
PRC-0000398,PROCESSOR,PROCESSOR,MATCHED,M004-53e5356b,false,false,,,
PRC-0000399,PROCESSOR,PROCESSOR,MATCHED,M007-acd8e7f0,false,false,,,
PRC-0000400,PROCESSOR,PROCESSOR,MATCHED,M006-b1e1e0ee,false,false,,,
PRC-0000401,PROCESSOR,PROCESSOR,MATCHED,M020-414f5c50,false,false,,,
PRC-0000402,PROCESSOR,PROCESSOR,MATCHED,M017-d6cdaf5a,false,false,,,
PRC-0000403,PROCESSOR,PROCESSOR,MATCHED,M007-0aa8a5f8,false,false,,,
PRC-0000404,PROCESSOR,PROCESSOR,MATCHED,M003-4d2d9d02,false,false,,,
PRC-0000405,PROCESSOR,PROCESSOR,AMOUNT_MISMATCH,M005-3de82eb3,false,false,,,
PRC-0000406,PROCESSOR,PROCESSOR,AMOUNT_MISMATCH,M003-6d8eacf3,false,false,,,
PRC-0000407,PROCESSOR,PROCESSOR,MATCHED,M002-c781ef02,false,false,,,
PRC-0000408,PROCESSOR,PROCESSOR,MATCHED,M007-29a54358,false,false,,,
PRC-0000409,PROCESSOR,PROCESSOR,MATCHED,M006-8817592c,false,false,,,
PRC-0000410,PROCESSOR,PROCESSOR,MATCHED,M015-fa1c7ef6,false,false,,,
PRC-0000411,PROCESSOR,PROCESSOR,MATCHED,M006-c54fff8b,false,false,,,
PRC-0000412,PROCESSOR,PROCESSOR,MATCHED,M019-3bc34f9a,false,false,,,
PRC-0000413,PROCESSOR,PROCESSOR,MATCHED,M018-a6e39ebb,false,false,,,
PRC-0000414,PROCESSOR,PROCESSOR,MATCHED,M007-69972d06,false,false,,,
PRC-0000415,PROCESSOR,PROCESSOR,MATCHED,M007-3936081d,false,false,,,
PRC-0000416,PROCESSOR,PROCESSOR,MATCHED,M011-b5065736,false,false,,,
PRC-0000417,PROCESSOR,PROCESSOR,MATCHED,M009-c02d384d,false,false,,,
PRC-0000418,PROCESSOR,PROCESSOR,MATCHED,M001-c5bb4bb8,false,false,,,
PRC-0000419,PROCESSOR,PROCESSOR,MATCHED,M006-33593fde,false,false,,,
PRC-0000420,PROCESSOR,PROCESSOR,MATCHED,M001-4707b72f,false,false,,,
PRC-0000421,PROCESSOR,PROCESSOR,MATCHED,M014-71e71562,false,false,,,
PRC-0000422,PROCESSOR,PROCESSOR,MATCHED,M011-2d92e745,false,false,,,
PRC-0000423,PROCESSOR,PROCESSOR,MATCHED,M011-d51f3519,false,false,,,
PRC-0000424,PROCESSOR,PROCESSOR,MATCHED,M011-6c576d8e,false,false,,,
PRC-0000425,PROCESSOR,PROCESSOR,MATCHED,M001-36d29ba7,false,false,,,
PRC-0000426,PROCESSOR,PROCESSOR,MATCHED,M011-dd242216,false,false,,,
PRC-0000427,PROCESSOR,PROCESSOR,MATCHED,M004-863fe92f,false,false,,,
PRC-0000428,PROCESSOR,PROCESSOR,MATCHED,M003-05123a71,false,false,,,
PRC-0000429,PROCESSOR,PROCESSOR,MATCHED,M009-d85ee504,false,false,,,
PRC-0000430,PROCESSOR,PROCESSOR,MATCHED,M008-33c27041,false,false,,,
PRC-0000431,PROCESSOR,PROCESSOR,MATCHED,M003-e696fa4b,false,false,,,
PRC-0000432,PROCESSOR,PROCESSOR,MATCHED,M018-40dd5198,false,false,,,
PRC-0000433,PROCESSOR,PROCESSOR,MATCHED,M015-7c99c18f,false,false,,,
PRC-0000434,PROCESSOR,PROCESSOR,MATCHED,M007-9eb2b67d,false,false,,,
PRC-0000435,PROCESSOR,PROCESSOR,MATCHED,M009-81abd1d9,false,false,,,
PRC-0000436,PROCESSOR,PROCESSOR,AMOUNT_MISMATCH,M008-35f3b68f,false,false,,,
PRC-0000437,PROCESSOR,PROCESSOR,MATCHED,M014-4a455b81,false,false,,,
PRC-0000438,PROCESSOR,PROCESSOR,MATCHED,M008-1dd64b33,false,false,,,
PRC-0000439,PROCESSOR,PROCESSOR,MATCHED,M015-0cc5c0b3,false,false,,,
PRC-0000440,PROCESSOR,PROCESSOR,MATCHED,M011-66079367,false,false,,,
PRC-0000441,PROCESSOR,PROCESSOR,MATCHED,M019-a2e376e9,false,false,,,
PRC-0000442,PROCESSOR,PROCESSOR,MATCHED,M012-3ac7d7a7,false,false,,,
PRC-0000443,PROCESSOR,PROCESSOR,MATCHED,M002-fe01ce75,false,false,,,
PRC-0000444,PROCESSOR,PROCESSOR,MATCHED,M016-8e29e602,false,false,,,
PRC-0000445,PROCESSOR,PROCESSOR,MATCHED,M006-de9bb53f,false,false,,,
PRC-0000446,PROCESSOR,PROCESSOR,MATCHED,M010-ba892b3b,false,false,,,
PRC-0000447,PROCESSOR,PROCESSOR,AMOUNT_MISMATCH,M018-3a5d0b7c,false,false,,,
PRC-0000448,PROCESSOR,PROCESSOR,MATCHED,M012-5e5b10c7,false,false,,,
PRC-0000449,PROCESSOR,PROCESSOR,MATCHED,M011-ff652558,false,false,,,
PRC-0000450,PROCESSOR,PROCESSOR,MATCHED,M017-5a94f348,false,false,,,
PRC-0000451,PROCESSOR,PROCESSOR,MATCHED,M007-a4bfe513,false,false,,,
PRC-0000452,PROCESSOR,PROCESSOR,MATCHED,M019-5007e2e7,false,false,,,
PRC-0000453,PROCESSOR,PROCESSOR,MATCHED,M007-a04ab220,false,false,,,
PRC-0000454,PROCESSOR,PROCESSOR,MATCHED,M004-8926e801,false,false,,,
PRC-0000455,PROCESSOR,PROCESSOR,MATCHED,M008-f4cece67,false,false,,,
PRC-0000456,PROCESSOR,PROCESSOR,MATCHED,M017-c1736ebe,false,false,,,
PRC-0000457,PROCESSOR,PROCESSOR,MATCHED,M017-bc65bfc5,false,false,,,
PRC-0000458,PROCESSOR,PROCESSOR,MATCHED,M005-f667b388,false,false,,,
PRC-0000459,PROCESSOR,PROCESSOR,MATCHED,M004-6ad09844,false,false,,,
PRC-0000460,PROCESSOR,PROCESSOR,MATCHED,M006-dedd634d,false,false,,,
PRC-0000461,PROCESSOR,PROCESSOR,MATCHED,M005-dc843565,false,false,,,
PRC-0000462,PROCESSOR,PROCESSOR,MATCHED,M018-f306e13d,false,false,,,
PRC-0000463,PROCESSOR,PROCESSOR,MATCHED,M010-5bb3f259,false,false,,,
PRC-0000464,PROCESSOR,PROCESSOR,MATCHED,M018-16762882,false,false,,,
PRC-0000465,PROCESSOR,PROCESSOR,MATCHED,M006-e7b7d370,false,false,,,
PRC-0000466,PROCESSOR,PROCESSOR,MATCHED,M004-076b1acd,false,false,,,
PRC-0000467,PROCESSOR,PROCESSOR,MATCHED,M018-d2edf85d,false,false,,,
PRC-0000468,PROCESSOR,PROCESSOR,AMOUNT_MISMATCH,M014-6e732bd0,false,false,,,
PRC-0000469,PROCESSOR,PROCESSOR,MATCHED,M007-9d64c090,false,false,,,
PRC-0000470,PROCESSOR,PROCESSOR,MATCHED,M011-41291995,false,false,,,
PRC-0000471,PROCESSOR,PROCESSOR,MATCHED,M003-5cd33e9f,false,false,,,
PRC-0000472,PROCESSOR,PROCESSOR,MATCHED,M013-c6afcc83,false,false,,,
PRC-0000473,PROCESSOR,PROCESSOR,MATCHED,M015-4ec8b45d,false,false,,,
PRC-0000474,PROCESSOR,PROCESSOR,MATCHED,M009-0d21e9e2,false,false,,,
PRC-0000475,PROCESSOR,PROCESSOR,MATCHED,M013-cb4f2004,false,false,,,
PRC-0000476,PROCESSOR,PROCESSOR,MATCHED,M003-249de87a,false,false,,,
PRC-0000477,PROCESSOR,PROCESSOR,MATCHED,M002-d9133d26,false,false,,,
PRC-0000478,PROCESSOR,PROCESSOR,MATCHED,M009-d09ea982,false,false,,,
PRC-0000479,PROCESSOR,PROCESSOR,MATCHED,M011-a99b7d87,false,false,,,
PRC-0000480,PROCESSOR,PROCESSOR,MATCHED,M015-6440285b,false,false,,,
PRC-0000481,PROCESSOR,PROCESSOR,MATCHED,M020-53935fd1,false,false,,,
PRC-0000482,PROCESSOR,PROCESSOR,MATCHED,M013-6b9ccc6c,false,false,,,
PRC-0000483,PROCESSOR,PROCESSOR,MATCHED,M017-12725b8e,false,false,,,
PRC-0000484,PROCESSOR,PROCESSOR,MATCHED,M010-55246fa3,false,false,,,
PRC-0000485,PROCESSOR,PROCESSOR,MATCHED,M005-99286c0d,false,false,,,
PRC-0000486,PROCESSOR,PROCESSOR,MATCHED,M015-c037c870,false,false,,,
PRC-0000487,PROCESSOR,PROCESSOR,MATCHED,M015-27e961b1,false,false,,,
PRC-0000488,PROCESSOR,PROCESSOR,MATCHED,M004-f4c4e8bc,false,false,,,
PRC-0000489,PROCESSOR,PROCESSOR,MATCHED,M003-69a1b31a,false,false,,,
PRC-0000490,PROCESSOR,PROCESSOR,MATCHED,M009-eeeea353,false,false,,,
PRC-0000491,PROCESSOR,PROCESSOR,MATCHED,M005-fa6aef15,false,false,,,
PRC-0000492,PROCESSOR,PROCESSOR,MATCHED,M002-2e00fd2d,false,false,,,
PRC-0000493,PROCESSOR,PROCESSOR,MATCHED,M005-7a9fdc10,false,false,,,
PRC-0000494,PROCESSOR,PROCESSOR,MATCHED,M020-a0031dff,false,false,,,
PRC-0000495,PROCESSOR,PROCESSOR,MATCHED,M004-0c8d2fc3,false,false,,,
PRC-0000496,PROCESSOR,PROCESSOR,MATCHED,M013-03f91d80,false,false,,,
PRC-0000497,PROCESSOR,PROCESSOR,MATCHED,M008-c391a97c,false,false,,,
PRC-0000498,PROCESSOR,PROCESSOR,MATCHED,M019-4f91904a,false,false,,,
PRC-0000499,PROCESSOR,PROCESSOR,MATCHED,M002-587c7a43,false,false,,,
PRC-0000501,PROCESSOR,PROCESSOR,MATCHED,M004-c2aa24c4,false,false,,,
PRC-0000502,PROCESSOR,PROCESSOR,MATCHED,M018-e4f36497,false,false,,,
PRC-0000503,PROCESSOR,PROCESSOR,MATCHED,M002-ea45ac4e,false,false,,,
PRC-0000504,PROCESSOR,PROCESSOR,MATCHED,M009-b4703690,false,false,,,
PRC-0000505,PROCESSOR,PROCESSOR,MATCHED,M004-5e32bc55,false,false,,,
PRC-0000506,PROCESSOR,PROCESSOR,AMOUNT_MISMATCH,M001-247e1de3,false,false,,,
PRC-0000507,PROCESSOR,PROCESSOR,MATCHED,M008-eb4c29d9,false,false,,,
PRC-0000508,PROCESSOR,PROCESSOR,MATCHED,M004-e96f9c23,false,false,,,
PRC-0000509,PROCESSOR,PROCESSOR,MATCHED,M019-8f8c375d,false,false,,,
PRC-0000510,PROCESSOR,PROCESSOR,MATCHED,M001-ac32c49d,false,false,,,
PRC-0000511,PROCESSOR,PROCESSOR,MATCHED,M010-9f4580d0,false,false,,,
PRC-0000512,PROCESSOR,PROCESSOR,MATCHED,M018-d0ed6227,false,false,,,
PRC-0000513,PROCESSOR,PROCESSOR,MATCHED,M007-edbc3729,false,false,,,
PRC-0000514,PROCESSOR,PROCESSOR,MATCHED,M019-bd57da8c,false,false,,,
PRC-0000515,PROCESSOR,PROCESSOR,MATCHED,M016-6151b926,false,false,,,
PRC-0000516,PROCESSOR,PROCESSOR,MATCHED,M010-d212562c,false,false,,,
PRC-0000517,PROCESSOR,PROCESSOR,MATCHED,M017-4ad7312f,false,false,,,
PRC-0000518,PROCESSOR,PROCESSOR,MATCHED,M013-785e55eb,false,false,,,
PRC-0000519,PROCESSOR,PROCESSOR,MATCHED,M005-269b873a,false,false,,,
PRC-0000520,PROCESSOR,PROCESSOR,MATCHED,M020-edb9f779,false,false,,,
PRC-0000521,PROCESSOR,PROCESSOR,MATCHED,M012-c200caf6,false,false,,,
PRC-0000522,PROCESSOR,PROCESSOR,MATCHED,M018-f6af0894,false,false,,,
PRC-0000523,PROCESSOR,PROCESSOR,MATCHED,M015-f569ca03,false,false,,,
PRC-0000524,PROCESSOR,PROCESSOR,MATCHED,M007-93b4398d,false,false,,,
PRC-0000525,PROCESSOR,PROCESSOR,MATCHED,M015-a807a7a6,false,false,,,
PRC-0000526,PROCESSOR,PROCESSOR,MATCHED,M009-990846b3,false,false,,,
PRC-0000527,PROCESSOR,PROCESSOR,MATCHED,M011-d82ef9b1,false,false,,,
PRC-0000528,PROCESSOR,PROCESSOR,MATCHED,M020-ffa47837,false,false,,,
PRC-0000529,PROCESSOR,PROCESSOR,MATCHED,M008-74fbfb16,false,false,,,
PRC-0000530,PROCESSOR,PROCESSOR,MATCHED,M008-61a128b3,false,false,,,
PRC-0000531,PROCESSOR,PROCESSOR,MATCHED,M017-34c496af,false,false,,,
PRC-0000531-D1,PROCESSOR,PROCESSOR,DUPLICATE,M017-34c496af,false,false,,,
PRC-0000532,PROCESSOR,PROCESSOR,MATCHED,M016-6b0ff663,false,false,,,
PRC-0000533,PROCESSOR,PROCESSOR,MATCHED,M015-a436ab2d,false,false,,,
PRC-0000534,PROCESSOR,PROCESSOR,MATCHED,M010-f8a906f5,false,false,,,
PRC-0000534-D1,PROCESSOR,PROCESSOR,DUPLICATE,M010-f8a906f5,false,false,,,
PRC-0000535,PROCESSOR,PROCESSOR,MATCHED,M012-2140fe88,false,false,,,
PRC-0000536,PROCESSOR,PROCESSOR,MATCHED,M014-84e66740,false,false,,,
PRC-0000537,PROCESSOR,PROCESSOR,MATCHED,M019-db0dd13f,false,false,,,
PRC-0000538,PROCESSOR,PROCESSOR,MATCHED,M002-ff54c4d8,false,false,,,
PRC-0000539,PROCESSOR,PROCESSOR,MATCHED,M008-b356402a,false,false,,,
PRC-0000540,PROCESSOR,PROCESSOR,MATCHED,M008-512ff6d9,false,false,,,
PRC-0000541,PROCESSOR,PROCESSOR,MATCHED,M007-ef51b6a3,false,false,,,
PRC-0000542,PROCESSOR,PROCESSOR,MATCHED,M015-4180fd14,false,false,,,
PRC-0000543,PROCESSOR,PROCESSOR,MATCHED,M014-bc4d8b92,false,false,,,
PRC-0000544,PROCESSOR,PROCESSOR,MATCHED,M011-e53b1704,false,false,,,
PRC-0000545,PROCESSOR,PROCESSOR,MATCHED,M010-177e8fec,false,false,,,
PRC-0000546,PROCESSOR,PROCESSOR,MATCHED,M006-e41d62ef,false,false,,,
PRC-0000547,PROCESSOR,PROCESSOR,MATCHED,M020-0dd737ea,false,false,,,
PRC-0000548,PROCESSOR,PROCESSOR,MATCHED,M011-5a2a038d,false,false,,,
PRC-0000549,PROCESSOR,PROCESSOR,MATCHED,M006-e3a65948,false,false,,,
PRC-0000550,PROCESSOR,PROCESSOR,MATCHED,M019-98e656e4,false,false,,,
PRC-0000551,PROCESSOR,PROCESSOR,MATCHED,M011-cfc4b1d8,false,false,,,
PRC-0000552,PROCESSOR,PROCESSOR,MATCHED,M017-c844be64,false,false,,,
PRC-0000553,PROCESSOR,PROCESSOR,MATCHED,M011-5282639f,false,false,,,
PRC-0000554,PROCESSOR,PROCESSOR,MATCHED,M008-b1310582,false,false,,,
PRC-0000555,PROCESSOR,PROCESSOR,MATCHED,M019-fae1983c,false,false,,,
PRC-0000556,PROCESSOR,PROCESSOR,MATCHED,M012-6a988271,false,false,,,
PRC-0000557,PROCESSOR,PROCESSOR,AMOUNT_MISMATCH,M012-a8759535,false,false,,,
PRC-0000558,PROCESSOR,PROCESSOR,AMOUNT_MISMATCH,M005-e51b20a4,false,false,,,
PRC-0000559,PROCESSOR,PROCESSOR,MATCHED,M005-5d49a54e,false,false,,,
PRC-0000560,PROCESSOR,PROCESSOR,MATCHED,M013-c4a7cb2a,false,false,,,
PRC-0000561,PROCESSOR,PROCESSOR,MATCHED,M015-3834aad0,false,false,,,
PRC-0000562,PROCESSOR,PROCESSOR,MATCHED,M004-8a1483bb,false,false,,,
PRC-0000563,PROCESSOR,PROCESSOR,MATCHED,M005-1a9a3a1b,false,false,,,
PRC-0000564,PROCESSOR,PROCESSOR,MATCHED,M017-be842926,false,false,,,
PRC-0000565,PROCESSOR,PROCESSOR,MATCHED,M014-95d24734,false,false,,,
PRC-0000566,PROCESSOR,PROCESSOR,MATCHED,M015-17074c45,false,false,,,
PRC-0000567,PROCESSOR,PROCESSOR,MATCHED,M019-07a9f1bd,false,false,,,
PRC-0000568,PROCESSOR,PROCESSOR,MATCHED,M020-a0f40afc,false,false,,,
PRC-0000569,PROCESSOR,PROCESSOR,MATCHED,M001-f22ca78e,false,false,,,
PRC-0000570,PROCESSOR,PROCESSOR,MATCHED,M015-bf6d2d3b,false,false,,,
PRC-0000571,PROCESSOR,PROCESSOR,MATCHED,M018-7777a0c8,false,false,,,
PRC-0000572,PROCESSOR,PROCESSOR,AMOUNT_MISMATCH,M001-c95fee9c,false,false,,,
PRC-0000573,PROCESSOR,PROCESSOR,MATCHED,M006-578b3a0b,false,false,,,
PRC-0000574,PROCESSOR,PROCESSOR,MATCHED,M013-aa94502e,false,false,,,
PRC-0000575,PROCESSOR,PROCESSOR,MATCHED,M011-30b6d8a8,false,false,,,
PRC-0000576,PROCESSOR,PROCESSOR,MATCHED,M003-b2c80bd0,false,false,,,
PRC-0000577,PROCESSOR,PROCESSOR,MATCHED,M009-17e3a28b,false,false,,,
PRC-0000578,PROCESSOR,PROCESSOR,MATCHED,M015-58af8d62,false,false,,,
PRC-0000579,PROCESSOR,PROCESSOR,MATCHED,M001-a5dd9d60,false,false,,,
PRC-0000580,PROCESSOR,PROCESSOR,MATCHED,M018-e500ba01,false,false,,,
PRC-0000581,PROCESSOR,PROCESSOR,MATCHED,M008-e6273773,false,false,,,
PRC-0000582,PROCESSOR,PROCESSOR,MATCHED,M004-f5cf5ace,false,false,,,
PRC-0000583,PROCESSOR,PROCESSOR,MATCHED,M004-f327b42d,false,false,,,
PRC-0000584,PROCESSOR,PROCESSOR,MATCHED,M016-df5e935a,false,false,,,
PRC-0000585,PROCESSOR,PROCESSOR,MATCHED,M020-cfd467ba,false,false,,,
PRC-0000586,PROCESSOR,PROCESSOR,AMOUNT_MISMATCH,M010-ee0c21d6,false,false,,,
PRC-0000587,PROCESSOR,PROCESSOR,MATCHED,M007-6b68607a,false,false,,,
PRC-0000588,PROCESSOR,PROCESSOR,MATCHED,M017-030cdeb0,false,false,,,
PRC-0000589,PROCESSOR,PROCESSOR,MATCHED,M020-15ea8e09,false,false,,,
PRC-0000590,PROCESSOR,PROCESSOR,AMOUNT_MISMATCH,M012-e0d3f238,false,false,,,
PRC-0000591,PROCESSOR,PROCESSOR,MATCHED,M013-0d502577,false,false,,,
PRC-0000592,PROCESSOR,PROCESSOR,MATCHED,M011-bd4f6906,false,false,,,
PRC-0000593,PROCESSOR,PROCESSOR,MATCHED,M014-791ac7dc,false,false,,,
PRC-0000593-D1,PROCESSOR,PROCESSOR,DUPLICATE,M014-791ac7dc,false,false,,,
PRC-0000594,PROCESSOR,PROCESSOR,MATCHED,M004-3f121614,false,false,,,
PRC-0000595,PROCESSOR,PROCESSOR,MATCHED,M020-dc78b4ae,false,false,,,
PRC-0000596,PROCESSOR,PROCESSOR,MATCHED,M006-e1967f9b,false,false,,,
PRC-0000597,PROCESSOR,PROCESSOR,MATCHED,M018-7405f508,false,false,,,
PRC-0000598,PROCESSOR,PROCESSOR,MATCHED,M007-7a4d8baa,false,false,,,
PRC-0000599,PROCESSOR,PROCESSOR,MATCHED,M017-f072fe6f,false,false,,,
PRC-0000600,PROCESSOR,PROCESSOR,MATCHED,M004-0a56c206,false,false,,,
PRC-0000601,PROCESSOR,PROCESSOR,MATCHED,M010-5eb36c86,false,false,,,
PRC-0000602,PROCESSOR,PROCESSOR,MATCHED,M019-78cd3d55,false,false,,,
PRC-0000603,PROCESSOR,PROCESSOR,MATCHED,M009-46f56754,false,false,,,
PRC-0000604,PROCESSOR,PROCESSOR,MATCHED,M016-27200323,false,false,,,
PRC-0000605,PROCESSOR,PROCESSOR,MATCHED,M008-bcd51966,false,false,,,
PRC-0000606,PROCESSOR,PROCESSOR,MATCHED,M013-df72fdd8,false,false,,,
PRC-0000607,PROCESSOR,PROCESSOR,MATCHED,M014-1efb0f59,false,false,,,
PRC-0000608,PROCESSOR,PROCESSOR,MATCHED,M016-5eebf8ac,false,false,,,
PRC-0000609,PROCESSOR,PROCESSOR,MATCHED,M015-2b94baad,false,false,,,
PRC-0000610,PROCESSOR,PROCESSOR,MATCHED,M001-b7cac4e1,false,false,,,
PRC-0000611,PROCESSOR,PROCESSOR,MATCHED,M020-429bdf9c,false,false,,,
PRC-0000612,PROCESSOR,PROCESSOR,MATCHED,M012-77f85f36,false,false,,,
PRC-0000613,PROCESSOR,PROCESSOR,MATCHED,M003-233bf7f2,false,false,,,
PRC-0000614,PROCESSOR,PROCESSOR,MATCHED,M016-f4156f47,false,false,,,
PRC-0000615,PROCESSOR,PROCESSOR,MATCHED,M015-87939185,false,false,,,
PRC-0000616,PROCESSOR,PROCESSOR,MATCHED,M005-046b991a,false,false,,,
PRC-0000617,PROCESSOR,PROCESSOR,MATCHED,M003-e483476e,false,false,,,
PRC-0000618,PROCESSOR,PROCESSOR,MATCHED,M011-c5548c0f,false,false,,,
PRC-0000619,PROCESSOR,PROCESSOR,MATCHED,M014-771a22cb,false,false,,,
PRC-0000620,PROCESSOR,PROCESSOR,MATCHED,M017-3fea2a23,false,false,,,
PRC-0000621,PROCESSOR,PROCESSOR,MATCHED,M011-1ab3f7f3,false,false,,,
PRC-0000622,PROCESSOR,PROCESSOR,MATCHED,M005-00258863,false,false,,,
PRC-0000623,PROCESSOR,PROCESSOR,MATCHED,M008-6d133751,false,false,,,
PRC-0000623-D1,PROCESSOR,PROCESSOR,DUPLICATE,M008-6d133751,false,false,,,
PRC-0000624,PROCESSOR,PROCESSOR,MATCHED,M004-cbf172e1,false,false,,,
PRC-0000625,PROCESSOR,PROCESSOR,MATCHED,M014-d51af040,false,false,,,
PRC-0000626,PROCESSOR,PROCESSOR,MATCHED,M009-fe293840,false,false,,,
PRC-0000627,PROCESSOR,PROCESSOR,MATCHED,M008-7ba849b7,false,false,,,
PRC-0000628,PROCESSOR,PROCESSOR,MATCHED,M019-ae895cb7,false,false,,,
PRC-0000629,PROCESSOR,PROCESSOR,MATCHED,M015-819ffdf0,false,false,,,
PRC-0000630,PROCESSOR,PROCESSOR,MATCHED,M010-fc0ab620,false,false,,,
PRC-0000631,PROCESSOR,PROCESSOR,AMOUNT_MISMATCH,M016-52c0bc31,false,false,,,
PRC-0000632,PROCESSOR,PROCESSOR,MATCHED,M020-325628ed,false,false,,,
PRC-0000633,PROCESSOR,PROCESSOR,MATCHED,M005-b032e3a5,false,false,,,
PRC-0000634,PROCESSOR,PROCESSOR,MATCHED,M005-6432cbf2,false,false,,,
PRC-0000635,PROCESSOR,PROCESSOR,MATCHED,M006-a897e8d9,false,false,,,
PRC-0000636,PROCESSOR,PROCESSOR,MATCHED,M008-fbc28f18,false,false,,,
PRC-0000637,PROCESSOR,PROCESSOR,MATCHED,M010-f4a1df65,false,false,,,
PRC-0000637-D1,PROCESSOR,PROCESSOR,DUPLICATE,M010-f4a1df65,false,false,,,
PRC-0000638,PROCESSOR,PROCESSOR,MATCHED,M016-93ef4c0b,false,false,,,
PRC-0000639,PROCESSOR,PROCESSOR,MATCHED,M009-5f79e358,false,false,,,
PRC-0000640,PROCESSOR,PROCESSOR,MATCHED,M018-dbb28fde,false,false,,,
PRC-0000641,PROCESSOR,PROCESSOR,MATCHED,M012-1f871a0a,false,false,,,
PRC-0000642,PROCESSOR,PROCESSOR,MATCHED,M017-b923e7b8,false,false,,,
PRC-0000643,PROCESSOR,PROCESSOR,AMOUNT_MISMATCH,M002-6cd9bba6,false,false,,,
PRC-0000644,PROCESSOR,PROCESSOR,MATCHED,M016-f0661a54,false,false,,,
PRC-0000645,PROCESSOR,PROCESSOR,MATCHED,M012-6e5a2af6,false,false,,,
PRC-0000646,PROCESSOR,PROCESSOR,MATCHED,M018-ea25bcb2,false,false,,,
PRC-0000647,PROCESSOR,PROCESSOR,AMOUNT_MISMATCH,M015-8f4642cd,false,false,,,
PRC-0000648,PROCESSOR,PROCESSOR,MATCHED,M002-d3eddac8,false,false,,,
PRC-0000649,PROCESSOR,PROCESSOR,MATCHED,M017-b6b1bb59,false,false,,,
PRC-0000650,PROCESSOR,PROCESSOR,MATCHED,M007-38fda97e,false,false,,,
PRC-0000651,PROCESSOR,PROCESSOR,MATCHED,M012-93f4b55a,false,false,,,
PRC-0000652,PROCESSOR,PROCESSOR,MATCHED,M008-e4822fde,false,false,,,
PRC-0000653,PROCESSOR,PROCESSOR,MATCHED,M012-322c2b9b,false,false,,,
PRC-0000654,PROCESSOR,PROCESSOR,MATCHED,M009-27be5d04,false,false,,,
PRC-0000655,PROCESSOR,PROCESSOR,MATCHED,M012-ad4d4f86,false,false,,,
PRC-0000656,PROCESSOR,PROCESSOR,MATCHED,M014-81264a12,false,false,,,
PRC-0000657,PROCESSOR,PROCESSOR,MATCHED,M017-96176412,false,false,,,
PRC-0000658,PROCESSOR,PROCESSOR,AMOUNT_MISMATCH,M018-fac1d1cb,false,false,,,
PRC-0000659,PROCESSOR,PROCESSOR,MATCHED,M020-1450c057,false,false,,,
PRC-0000660,PROCESSOR,PROCESSOR,MATCHED,M020-50df16f2,false,false,,,
PRC-0000661,PROCESSOR,PROCESSOR,MATCHED,M013-e71e5cf2,false,false,,,
PRC-0000662,PROCESSOR,PROCESSOR,MATCHED,M019-cb78f134,false,false,,,
PRC-0000663,PROCESSOR,PROCESSOR,MATCHED,M001-ec9d6107,false,false,,,
PRC-0000664,PROCESSOR,PROCESSOR,MATCHED,M004-724bd0b3,false,false,,,
PRC-0000665,PROCESSOR,PROCESSOR,MATCHED,M015-3e2fbb32,false,false,,,
PRC-0000666,PROCESSOR,PROCESSOR,MATCHED,M020-6f4f56a7,false,false,,,
PRC-0000667,PROCESSOR,PROCESSOR,MATCHED,M010-dc7fdfbf,false,false,,,
PRC-0000668,PROCESSOR,PROCESSOR,MATCHED,M007-956226b4,false,false,,,
PRC-0000669,PROCESSOR,PROCESSOR,MATCHED,M003-a596e733,false,false,,,
PRC-0000670,PROCESSOR,PROCESSOR,MATCHED,M001-e955d524,false,false,,,
PRC-0000671,PROCESSOR,PROCESSOR,MATCHED,M014-082c8f24,false,false,,,
PRC-0000672,PROCESSOR,PROCESSOR,MATCHED,M006-b1462115,false,false,,,
PRC-0000673,PROCESSOR,PROCESSOR,MATCHED,M009-6ba2f4be,false,false,,,
PRC-0000674,PROCESSOR,PROCESSOR,MATCHED,M016-27556a37,false,false,,,
PRC-0000675,PROCESSOR,PROCESSOR,MATCHED,M011-bb2b9b7c,false,false,,,
PRC-0000676,PROCESSOR,PROCESSOR,MATCHED,M019-90482a0f,false,false,,,
PRC-0000677,PROCESSOR,PROCESSOR,MATCHED,M018-88f657eb,false,false,,,
PRC-0000678,PROCESSOR,PROCESSOR,MATCHED,M001-03ff9e25,false,false,,,
PRC-0000679,PROCESSOR,PROCESSOR,MATCHED,M005-c028716e,false,false,,,
PRC-0000680,PROCESSOR,PROCESSOR,MATCHED,M011-cf68f5a8,false,false,,,
PRC-0000681,PROCESSOR,PROCESSOR,MATCHED,M017-0e9d6be1,false,false,,,
PRC-0000681-D1,PROCESSOR,PROCESSOR,DUPLICATE,M017-0e9d6be1,false,false,,,
PRC-0000682,PROCESSOR,PROCESSOR,MATCHED,M009-19d48dbe,false,false,,,
PRC-0000683,PROCESSOR,PROCESSOR,MATCHED,M018-3208d327,false,false,,,
PRC-0000684,PROCESSOR,PROCESSOR,MATCHED,M007-2127a74a,false,false,,,
PRC-0000685,PROCESSOR,PROCESSOR,MATCHED,M015-7f2013e4,false,false,,,
PRC-0000686,PROCESSOR,PROCESSOR,MATCHED,M005-1c899da3,false,false,,,
PRC-0000687,PROCESSOR,PROCESSOR,MATCHED,M019-bb23f8ca,false,false,,,
PRC-0000688,PROCESSOR,PROCESSOR,MATCHED,M018-853074b0,false,false,,,
PRC-0000689,PROCESSOR,PROCESSOR,MATCHED,M018-f27608f4,false,false,,,
PRC-0000690,PROCESSOR,PROCESSOR,MATCHED,M017-4331f793,false,false,,,
PRC-0000691,PROCESSOR,PROCESSOR,MATCHED,M003-b7413d49,false,false,,,
PRC-0000692,PROCESSOR,PROCESSOR,MATCHED,M008-c51a6f88,false,false,,,
PRC-0000693,PROCESSOR,PROCESSOR,MATCHED,M007-461ee001,false,false,,,
PRC-0000694,PROCESSOR,PROCESSOR,MATCHED,M004-9b6f9e79,false,false,,,
PRC-0000695,PROCESSOR,PROCESSOR,MATCHED,M017-9c3a4fde,false,false,,,
PRC-0000696,PROCESSOR,PROCESSOR,MATCHED,M015-b5b4016a,false,false,,,
PRC-0000697,PROCESSOR,PROCESSOR,MATCHED,M006-d77a0a80,false,false,,,
PRC-0000698,PROCESSOR,PROCESSOR,MATCHED,M007-7c400712,false,false,,,
PRC-0000699,PROCESSOR,PROCESSOR,MATCHED,M014-27557721,false,false,,,
PRC-0000700,PROCESSOR,PROCESSOR,MATCHED,M003-12942542,false,false,,,
PRC-0000701,PROCESSOR,PROCESSOR,MATCHED,M010-9a11346c,false,false,,,
PRC-0000702,PROCESSOR,PROCESSOR,MATCHED,M007-1e850681,false,false,,,
PRC-0000703,PROCESSOR,PROCESSOR,MATCHED,M012-b4def16f,false,false,,,
PRC-0000704,PROCESSOR,PROCESSOR,MATCHED,M011-96e74263,false,false,,,
PRC-0000705,PROCESSOR,PROCESSOR,MATCHED,M013-f2b305c9,false,false,,,
PRC-0000706,PROCESSOR,PROCESSOR,MATCHED,M018-46288f9c,false,false,,,
PRC-0000707,PROCESSOR,PROCESSOR,MATCHED,M003-0a29d223,false,false,,,
PRC-0000708,PROCESSOR,PROCESSOR,MATCHED,M018-457d4b5c,false,false,,,
PRC-0000709,PROCESSOR,PROCESSOR,AMOUNT_MISMATCH,M001-034539a7,false,false,,,
PRC-0000710,PROCESSOR,PROCESSOR,MATCHED,M007-fb15220c,false,false,,,
PRC-0000711,PROCESSOR,PROCESSOR,MATCHED,M018-0e8d9c1c,false,false,,,
PRC-0000712,PROCESSOR,PROCESSOR,AMOUNT_MISMATCH,M005-8c0c1677,false,false,,,
PRC-0000713,PROCESSOR,PROCESSOR,MATCHED,M010-023b2e01,false,false,,,
PRC-0000714,PROCESSOR,PROCESSOR,MATCHED,M011-20cd5b68,false,false,,,
PRC-0000715,PROCESSOR,PROCESSOR,MATCHED,M011-e37285fb,false,false,,,
PRC-0000716,PROCESSOR,PROCESSOR,MATCHED,M016-0961ca8d,false,false,,,
PRC-0000717,PROCESSOR,PROCESSOR,MATCHED,M005-4b6fada1,false,false,,,
PRC-0000718,PROCESSOR,PROCESSOR,MATCHED,M005-25c4db18,false,false,,,
PRC-0000719,PROCESSOR,PROCESSOR,MATCHED,M007-03fda0bd,false,false,,,
PRC-0000720,PROCESSOR,PROCESSOR,MATCHED,M011-57afbf3d,false,false,,,
PRC-0000721,PROCESSOR,PROCESSOR,MATCHED,M001-cf23b51d,false,false,,,
PRC-0000722,PROCESSOR,PROCESSOR,MATCHED,M016-8aaa0729,false,false,,,
PRC-0000723,PROCESSOR,PROCESSOR,MATCHED,M011-71fd653e,false,false,,,
PRC-0000724,PROCESSOR,PROCESSOR,MATCHED,M019-42f04e68,false,false,,,
PRC-0000725,PROCESSOR,PROCESSOR,MATCHED,M010-61a01f34,false,false,,,
PRC-0000726,PROCESSOR,PROCESSOR,MATCHED,M006-86fab38a,false,false,,,
PRC-0000727,PROCESSOR,PROCESSOR,AMOUNT_MISMATCH,M002-b7429ef3,false,false,,,
PRC-0000728,PROCESSOR,PROCESSOR,MATCHED,M015-d8ed7ba1,false,false,,,
PRC-0000729,PROCESSOR,PROCESSOR,MATCHED,M010-584ae2a4,false,false,,,
PRC-0000730,PROCESSOR,PROCESSOR,AMOUNT_MISMATCH,M005-c49312ce,false,false,,,
PRC-0000731,PROCESSOR,PROCESSOR,MATCHED,M008-7f0f1f2c,false,false,,,
PRC-0000732,PROCESSOR,PROCESSOR,MATCHED,M017-4d343a8d,false,false,,,
PRC-0000733,PROCESSOR,PROCESSOR,MATCHED,M013-1a1aac90,false,false,,,
PRC-0000734,PROCESSOR,PROCESSOR,MATCHED,M017-9ccf4a73,false,false,,,
PRC-0000735,PROCESSOR,PROCESSOR,MATCHED,M014-296ea027,false,false,,,
PRC-0000736,PROCESSOR,PROCESSOR,MATCHED,M005-48aa482d,false,false,,,
PRC-0000737,PROCESSOR,PROCESSOR,MATCHED,M016-b07f0f5e,false,false,,,
PRC-0000738,PROCESSOR,PROCESSOR,MATCHED,M016-e6a198c9,false,false,,,
PRC-0000739,PROCESSOR,PROCESSOR,MATCHED,M003-5c4b7c5e,false,false,,,
PRC-0000740,PROCESSOR,PROCESSOR,MATCHED,M019-03d9f44d,false,false,,,
PRC-0000741,PROCESSOR,PROCESSOR,MATCHED,M015-4f409454,false,false,,,
PRC-0000742,PROCESSOR,PROCESSOR,MATCHED,M002-9039aa09,false,false,,,
PRC-0000743,PROCESSOR,PROCESSOR,MATCHED,M020-a7cb76de,false,false,,,
PRC-0000744,PROCESSOR,PROCESSOR,AMOUNT_MISMATCH,M005-c8dbb4c5,false,false,,,
PRC-0000745,PROCESSOR,PROCESSOR,MATCHED,M012-9e90b0af,false,false,,,
PRC-0000746,PROCESSOR,PROCESSOR,MATCHED,M005-5dfafffa,false,false,,,
PRC-0000747,PROCESSOR,PROCESSOR,MATCHED,M007-03cbd192,false,false,,,
PRC-0000748,PROCESSOR,PROCESSOR,MATCHED,M019-1ed3646f,false,false,,,
PRC-0000749,PROCESSOR,PROCESSOR,MATCHED,M012-df7571ca,false,false,,,
PRC-0000750,PROCESSOR,PROCESSOR,MATCHED,M007-38709027,false,false,,,
PRC-0000751,PROCESSOR,PROCESSOR,MATCHED,M013-e7bd9ba4,false,false,,,
PRC-0000752,PROCESSOR,PROCESSOR,MATCHED,M002-94cf783e,false,false,,,
PRC-0000753,PROCESSOR,PROCESSOR,MATCHED,M006-8511a8b6,false,false,,,
PRC-0000754,PROCESSOR,PROCESSOR,MATCHED,M013-2dd0ddb7,false,false,,,
PRC-0000755,PROCESSOR,PROCESSOR,MATCHED,M020-5d4f6968,false,false,,,
PRC-0000756,PROCESSOR,PROCESSOR,MATCHED,M010-5e92b2ab,false,false,,,
PRC-0000757,PROCESSOR,PROCESSOR,MATCHED,M018-df341aa2,false,false,,,
PRC-0000758,PROCESSOR,PROCESSOR,MATCHED,M005-d12b1eaf,false,false,,,
PRC-0000759,PROCESSOR,PROCESSOR,MATCHED,M010-bbadc62b,false,false,,,
PRC-0000760,PROCESSOR,PROCESSOR,MATCHED,M007-373f677f,false,false,,,
PRC-0000761,PROCESSOR,PROCESSOR,MATCHED,M010-ce6ef2c6,false,false,,,
PRC-0000762,PROCESSOR,PROCESSOR,MATCHED,M010-6cf8f891,false,false,,,
PRC-0000763,PROCESSOR,PROCESSOR,MATCHED,M008-2233fed3,false,false,,,
PRC-0000764,PROCESSOR,PROCESSOR,MATCHED,M011-2e38e107,false,false,,,
PRC-0000765,PROCESSOR,PROCESSOR,MATCHED,M015-3612a5c7,false,false,,,
PRC-0000766,PROCESSOR,PROCESSOR,MATCHED,M004-aeae08b2,false,false,,,
PRC-0000767,PROCESSOR,PROCESSOR,MATCHED,M001-5e53a224,false,false,,,
PRC-0000768,PROCESSOR,PROCESSOR,MATCHED,M016-3ad1f4c1,false,false,,,
PRC-0000769,PROCESSOR,PROCESSOR,MATCHED,M002-4596b72d,false,false,,,
PRC-0000770,PROCESSOR,PROCESSOR,MATCHED,M012-d8192419,false,false,,,
PRC-0000771,PROCESSOR,PROCESSOR,MATCHED,M014-93c3e0c5,false,false,,,
PRC-0000772,PROCESSOR,PROCESSOR,MATCHED,M004-3acd6d05,false,false,,,
PRC-0000773,PROCESSOR,PROCESSOR,MATCHED,M020-a1091484,false,false,,,
PRC-0000774,PROCESSOR,PROCESSOR,MATCHED,M004-298dfe19,false,false,,,
PRC-0000775,PROCESSOR,PROCESSOR,MATCHED,M016-171d34b5,false,false,,,
PRC-0000776,PROCESSOR,PROCESSOR,MATCHED,M013-3213b6e3,false,false,,,
PRC-0000777,PROCESSOR,PROCESSOR,MATCHED,M010-d2bd4b25,false,false,,,
PRC-0000778,PROCESSOR,PROCESSOR,MATCHED,M005-a16d3466,false,false,,,
PRC-0000779,PROCESSOR,PROCESSOR,MATCHED,M017-fc7ac1fd,false,false,,,
PRC-0000780,PROCESSOR,PROCESSOR,MATCHED,M004-cef1d2ca,false,false,,,
PRC-0000781,PROCESSOR,PROCESSOR,MATCHED,M011-ab6a14f4,false,false,,,
PRC-0000782,PROCESSOR,PROCESSOR,MATCHED,M002-d5930a2b,false,false,,,
PRC-0000783,PROCESSOR,PROCESSOR,MATCHED,M011-5e854b0b,false,false,,,
PRC-0000784,PROCESSOR,PROCESSOR,MATCHED,M015-daded451,false,false,,,
PRC-0000785,PROCESSOR,PROCESSOR,MATCHED,M005-2b8ea8d4,false,false,,,
PRC-0000786,PROCESSOR,PROCESSOR,MATCHED,M007-55901fc2,false,false,,,
PRC-0000787,PROCESSOR,PROCESSOR,MATCHED,M001-434cbf26,false,false,,,
PRC-0000788,PROCESSOR,PROCESSOR,MATCHED,M016-93830dcc,false,false,,,
PRC-0000789,PROCESSOR,PROCESSOR,MATCHED,M015-20a9642c,false,false,,,
PRC-0000790,PROCESSOR,PROCESSOR,MATCHED,M008-140968ec,false,false,,,
PRC-0000791,PROCESSOR,PROCESSOR,MATCHED,M019-be7d8515,false,false,,,
PRC-0000792,PROCESSOR,PROCESSOR,MATCHED,M019-f1b35428,false,false,,,
PRC-0000793,PROCESSOR,PROCESSOR,MATCHED,M004-6a1a62bc,false,false,,,
PRC-0000794,PROCESSOR,PROCESSOR,MATCHED,M019-5caee3af,false,false,,,
PRC-0000795,PROCESSOR,PROCESSOR,MATCHED,M010-8cfdd2a5,false,false,,,
PRC-0000796,PROCESSOR,PROCESSOR,MATCHED,M015-070ce909,false,false,,,
PRC-0000797,PROCESSOR,PROCESSOR,MATCHED,M018-4438ce9e,false,false,,,
PRC-0000798,PROCESSOR,PROCESSOR,MATCHED,M003-7090bfb3,false,false,,,
PRC-0000799,PROCESSOR,PROCESSOR,MATCHED,M020-2ec3f826,false,false,,,
PRC-0000800,PROCESSOR,PROCESSOR,AMOUNT_MISMATCH,M010-31436da8,false,false,,,
PRC-0000801,PROCESSOR,PROCESSOR,MATCHED,M018-b7ea5ebb,false,false,,,
PRC-0000802,PROCESSOR,PROCESSOR,MATCHED,M006-8b5ca627,false,false,,,
PRC-0000803,PROCESSOR,PROCESSOR,MATCHED,M019-4219d7ab,false,false,,,
PRC-0000804,PROCESSOR,PROCESSOR,MATCHED,M004-0dd91b6b,false,false,,,
PRC-0000805,PROCESSOR,PROCESSOR,MATCHED,M015-0fc8db9c,false,false,,,
PRC-0000806,PROCESSOR,PROCESSOR,MATCHED,M004-fee9030f,false,false,,,
PRC-0000807,PROCESSOR,PROCESSOR,MATCHED,M002-1797d293,false,false,,,
PRC-0000808,PROCESSOR,PROCESSOR,MATCHED,M008-88f501ed,false,false,,,
PRC-0000809,PROCESSOR,PROCESSOR,MATCHED,M018-ff52e005,false,false,,,
PRC-0000810,PROCESSOR,PROCESSOR,MATCHED,M015-eda40551,false,false,,,
PRC-0000811,PROCESSOR,PROCESSOR,MATCHED,M004-5c537de3,false,false,,,
PRC-0000812,PROCESSOR,PROCESSOR,MATCHED,M005-483e76e3,false,false,,,
PRC-0000813,PROCESSOR,PROCESSOR,MATCHED,M003-3248d1c7,false,false,,,
PRC-0000814,PROCESSOR,PROCESSOR,MATCHED,M002-3ebc149d,false,false,,,
PRC-0000815,PROCESSOR,PROCESSOR,MATCHED,M016-98d669d7,false,false,,,
PRC-0000816,PROCESSOR,PROCESSOR,MATCHED,M009-7ab95e0e,false,false,,,
PRC-0000817,PROCESSOR,PROCESSOR,MATCHED,M018-c72cdba5,false,false,,,
PRC-0000818,PROCESSOR,PROCESSOR,MATCHED,M015-874de49e,false,false,,,
PRC-0000819,PROCESSOR,PROCESSOR,MATCHED,M004-1a4bdacc,false,false,,,
PRC-0000820,PROCESSOR,PROCESSOR,MATCHED,M011-0eef6024,false,false,,,
PRC-0000821,PROCESSOR,PROCESSOR,MATCHED,M018-da6ddadb,false,false,,,
PRC-0000822,PROCESSOR,PROCESSOR,MATCHED,M015-bf7de377,false,false,,,
PRC-0000823,PROCESSOR,PROCESSOR,MATCHED,M010-10779955,false,false,,,
PRC-0000824,PROCESSOR,PROCESSOR,MATCHED,M006-bc29b54d,false,false,,,
PRC-0000825,PROCESSOR,PROCESSOR,MATCHED,M010-405f676c,false,false,,,
PRC-0000826,PROCESSOR,PROCESSOR,MATCHED,M011-bf675fe4,false,false,,,
PRC-0000827,PROCESSOR,PROCESSOR,MATCHED,M001-6dc8cff6,false,false,,,
PRC-0000828,PROCESSOR,PROCESSOR,MATCHED,M004-dbc742d8,false,false,,,
PRC-0000830,PROCESSOR,PROCESSOR,AMOUNT_MISMATCH,M006-de164aeb,false,false,,,
PRC-0000831,PROCESSOR,PROCESSOR,MATCHED,M009-dd404b77,false,false,,,
PRC-0000832,PROCESSOR,PROCESSOR,MATCHED,M018-05ddda35,false,false,,,
PRC-0000833,PROCESSOR,PROCESSOR,MATCHED,M007-4d598703,false,false,,,
PRC-0000834,PROCESSOR,PROCESSOR,MATCHED,M009-fad4f932,false,false,,,
PRC-0000835,PROCESSOR,PROCESSOR,MATCHED,M018-7d2b7e19,false,false,,,
PRC-0000836,PROCESSOR,PROCESSOR,MATCHED,M004-d4f9ad33,false,false,,,
PRC-0000837,PROCESSOR,PROCESSOR,MATCHED,M020-9d5f3dbb,false,false,,,
PRC-0000838,PROCESSOR,PROCESSOR,MATCHED,M019-d70d65a4,false,false,,,
PRC-0000839,PROCESSOR,PROCESSOR,MATCHED,M018-1d47c561,false,false,,,
PRC-0000840,PROCESSOR,PROCESSOR,AMOUNT_MISMATCH,M012-b9b9f8f9,false,false,,,
PRC-0000841,PROCESSOR,PROCESSOR,MATCHED,M012-a1031a82,false,false,,,
PRC-0000842,PROCESSOR,PROCESSOR,MATCHED,M014-9e201ebb,false,false,,,
PRC-0000843,PROCESSOR,PROCESSOR,MATCHED,M019-6ceadae8,false,false,,,
PRC-0000844,PROCESSOR,PROCESSOR,MATCHED,M009-2d9a03e9,false,false,,,
PRC-0000845,PROCESSOR,PROCESSOR,MATCHED,M009-9993a538,false,false,,,
PRC-0000846,PROCESSOR,PROCESSOR,MATCHED,M019-b0005d06,false,false,,,
PRC-0000847,PROCESSOR,PROCESSOR,MATCHED,M020-6fe51fb2,false,false,,,
PRC-0000848,PROCESSOR,PROCESSOR,MATCHED,M014-ae6aa0c3,false,false,,,
PRC-0000849,PROCESSOR,PROCESSOR,MATCHED,M007-c4daabd6,false,false,,,
PRC-0000850,PROCESSOR,PROCESSOR,MATCHED,M014-3215a989,false,false,,,
PRC-0000851,PROCESSOR,PROCESSOR,MATCHED,M018-c0fb3564,false,false,,,
PRC-0000852,PROCESSOR,PROCESSOR,MATCHED,M002-237e90d9,false,false,,,
PRC-0000854,PROCESSOR,PROCESSOR,MATCHED,M014-7fa276a0,false,false,,,
PRC-0000856,PROCESSOR,PROCESSOR,MATCHED,M007-0990dafd,false,false,,,
PRC-0000857,PROCESSOR,PROCESSOR,MATCHED,M003-2fbff79b,false,false,,,
PRC-0000858,PROCESSOR,PROCESSOR,MATCHED,M008-dd5d48f2,false,false,,,
PRC-0000859,PROCESSOR,PROCESSOR,MATCHED,M008-f1d02141,false,false,,,
PRC-0000860,PROCESSOR,PROCESSOR,MATCHED,M019-e8a4ca2a,false,false,,,
PRC-0000861,PROCESSOR,PROCESSOR,MATCHED,M014-8c5026c7,false,false,,,
PRC-0000862,PROCESSOR,PROCESSOR,MATCHED,M013-15c85171,false,false,,,
PRC-0000863,PROCESSOR,PROCESSOR,AMOUNT_MISMATCH,M008-b25a98f4,false,false,,,
PRC-0000864,PROCESSOR,PROCESSOR,MATCHED,M004-6acbdfd3,false,false,,,
PRC-0000865,PROCESSOR,PROCESSOR,MATCHED,M010-686239a5,false,false,,,
PRC-0000866,PROCESSOR,PROCESSOR,MATCHED,M015-4b7b4b97,false,false,,,
PRC-0000867,PROCESSOR,PROCESSOR,MATCHED,M014-66f327f0,false,false,,,
PRC-0000868,PROCESSOR,PROCESSOR,MATCHED,M013-5b721d9d,false,false,,,
PRC-0000869,PROCESSOR,PROCESSOR,MATCHED,M005-716e32aa,false,false,,,
PRC-0000870,PROCESSOR,PROCESSOR,MATCHED,M014-b9d5399e,false,false,,,
PRC-0000871,PROCESSOR,PROCESSOR,MATCHED,M015-94929cc7,false,false,,,
PRC-0000872,PROCESSOR,PROCESSOR,MATCHED,M009-1ad0c41f,false,false,,,
PRC-0000873,PROCESSOR,PROCESSOR,MATCHED,M001-c574eb63,false,false,,,
PRC-0000874,PROCESSOR,PROCESSOR,MATCHED,M011-436e6f7d,false,false,,,
PRC-0000875,PROCESSOR,PROCESSOR,MATCHED,M013-e695973c,false,false,,,
PRC-0000876,PROCESSOR,PROCESSOR,MATCHED,M009-cdaec774,false,false,,,
PRC-0000877,PROCESSOR,PROCESSOR,MATCHED,M008-5b82cac2,false,false,,,
PRC-0000878,PROCESSOR,PROCESSOR,MATCHED,M020-4debdabe,false,false,,,
PRC-0000879,PROCESSOR,PROCESSOR,MATCHED,M014-30fc952f,false,false,,,
PRC-0000880,PROCESSOR,PROCESSOR,MATCHED,M020-70cbcea7,false,false,,,
PRC-0000881,PROCESSOR,PROCESSOR,MATCHED,M011-de049ac8,false,false,,,
PRC-0000882,PROCESSOR,PROCESSOR,MATCHED,M011-5c912396,false,false,,,
PRC-0000883,PROCESSOR,PROCESSOR,MATCHED,M020-c2ea7b9b,false,false,,,
PRC-0000884,PROCESSOR,PROCESSOR,MATCHED,M007-c15ea400,false,false,,,
PRC-0000885,PROCESSOR,PROCESSOR,MATCHED,M005-baa0423f,false,false,,,
PRC-0000886,PROCESSOR,PROCESSOR,MATCHED,M003-717c0978,false,false,,,
PRC-0000887,PROCESSOR,PROCESSOR,MATCHED,M010-c902bd41,false,false,,,
PRC-0000888,PROCESSOR,PROCESSOR,MATCHED,M006-2729899a,false,false,,,
PRC-0000889,PROCESSOR,PROCESSOR,MATCHED,M019-06c86e08,false,false,,,
PRC-0000890,PROCESSOR,PROCESSOR,MATCHED,M008-3edb9d1c,false,false,,,
PRC-0000891,PROCESSOR,PROCESSOR,MATCHED,M020-f97e0327,false,false,,,
PRC-0000892,PROCESSOR,PROCESSOR,MATCHED,M002-add52a45,false,false,,,
PRC-0000893,PROCESSOR,PROCESSOR,MATCHED,M017-338b538e,false,false,,,
PRC-0000894,PROCESSOR,PROCESSOR,MATCHED,M013-c785db14,false,false,,,
PRC-0000895,PROCESSOR,PROCESSOR,MATCHED,M008-224b045a,false,false,,,
PRC-0000896,PROCESSOR,PROCESSOR,MATCHED,M010-777d74d7,false,false,,,
PRC-0000897,PROCESSOR,PROCESSOR,MATCHED,M006-87389f50,false,false,,,
PRC-0000898,PROCESSOR,PROCESSOR,MATCHED,M002-4f50bb22,false,false,,,
PRC-0000899,PROCESSOR,PROCESSOR,MATCHED,M005-f9f46e3a,false,false,,,
PRC-0000900,PROCESSOR,PROCESSOR,MATCHED,M015-7f02df7c,false,false,,,
PRC-0000901,PROCESSOR,PROCESSOR,MATCHED,M005-d5d80a4b,false,false,,,
PRC-0000902,PROCESSOR,PROCESSOR,MATCHED,M009-6de535be,false,false,,,
PRC-0000903,PROCESSOR,PROCESSOR,MATCHED,M004-620cc4f2,false,false,,,
PRC-0000904,PROCESSOR,PROCESSOR,MATCHED,M010-836465e7,false,false,,,
PRC-0000905,PROCESSOR,PROCESSOR,MATCHED,M011-224fa5fa,false,false,,,
PRC-0000906,PROCESSOR,PROCESSOR,MATCHED,M015-c463f468,false,false,,,
PRC-0000907,PROCESSOR,PROCESSOR,MATCHED,M019-03f8c451,false,false,,,
PRC-0000908,PROCESSOR,PROCESSOR,MATCHED,M001-13102c16,false,false,,,
PRC-0000909,PROCESSOR,PROCESSOR,MATCHED,M008-4266ee83,false,false,,,
PRC-0000910,PROCESSOR,PROCESSOR,MATCHED,M007-d0d3ce17,false,false,,,
PRC-0000911,PROCESSOR,PROCESSOR,MATCHED,M009-4056e69f,false,false,,,
PRC-0000912,PROCESSOR,PROCESSOR,MATCHED,M019-5c495a31,false,false,,,
PRC-0000913,PROCESSOR,PROCESSOR,MATCHED,M018-a8b1b917,false,false,,,
PRC-0000914,PROCESSOR,PROCESSOR,MATCHED,M006-6aa487d2,false,false,,,
PRC-0000915,PROCESSOR,PROCESSOR,MATCHED,M009-781ec600,false,false,,,
PRC-0000916,PROCESSOR,PROCESSOR,MATCHED,M003-91548588,false,false,,,
PRC-0000917,PROCESSOR,PROCESSOR,MATCHED,M006-4582781a,false,false,,,
PRC-0000918,PROCESSOR,PROCESSOR,MATCHED,M017-9e0dcd6f,false,false,,,
PRC-0000919,PROCESSOR,PROCESSOR,MATCHED,M002-5a106df0,false,false,,,
PRC-0000920,PROCESSOR,PROCESSOR,MATCHED,M003-e156bf4a,false,false,,,
PRC-0000921,PROCESSOR,PROCESSOR,MATCHED,M003-58049d34,false,false,,,
PRC-0000922,PROCESSOR,PROCESSOR,MATCHED,M007-0b8a6ee9,false,false,,,
PRC-0000923,PROCESSOR,PROCESSOR,MATCHED,M008-3433295a,false,false,,,
PRC-0000924,PROCESSOR,PROCESSOR,MATCHED,M003-9d988606,false,false,,,
PRC-0000925,PROCESSOR,PROCESSOR,MATCHED,M009-0f0b2101,false,false,,,
PRC-0000926,PROCESSOR,PROCESSOR,MATCHED,M012-2a149371,false,false,,,
PRC-0000927,PROCESSOR,PROCESSOR,MATCHED,M020-fae83d54,false,false,,,
PRC-0000928,PROCESSOR,PROCESSOR,MATCHED,M018-89fea7be,false,false,,,
PRC-0000929,PROCESSOR,PROCESSOR,MATCHED,M006-c9ce573d,false,false,,,
PRC-0000930,PROCESSOR,PROCESSOR,MATCHED,M005-d69f1986,false,false,,,
PRC-0000931,PROCESSOR,PROCESSOR,MATCHED,M012-33520570,false,false,,,
PRC-0000932,PROCESSOR,PROCESSOR,MATCHED,M019-40885c87,false,false,,,
PRC-0000933,PROCESSOR,PROCESSOR,MATCHED,M009-3ca3304f,false,false,,,
PRC-0000934,PROCESSOR,PROCESSOR,MATCHED,M012-6884a898,false,false,,,
PRC-0000935,PROCESSOR,PROCESSOR,MATCHED,M008-ceb53036,false,false,,,
PRC-0000936,PROCESSOR,PROCESSOR,AMOUNT_MISMATCH,M018-5cce0308,false,false,,,
PRC-0000937,PROCESSOR,PROCESSOR,MATCHED,M001-cd240dc8,false,false,,,
PRC-0000938,PROCESSOR,PROCESSOR,MATCHED,M019-71b9fa2d,false,false,,,
PRC-0000939,PROCESSOR,PROCESSOR,MATCHED,M007-589ddce1,false,false,,,
PRC-0000940,PROCESSOR,PROCESSOR,MATCHED,M011-feff01ba,false,false,,,
PRC-0000941,PROCESSOR,PROCESSOR,MATCHED,M015-512fadb8,false,false,,,
PRC-0000942,PROCESSOR,PROCESSOR,MATCHED,M003-401c3e04,false,false,,,
PRC-0000943,PROCESSOR,PROCESSOR,MATCHED,M018-0ac13496,false,false,,,
PRC-0000944,PROCESSOR,PROCESSOR,MATCHED,M012-66567467,false,false,,,
PRC-0000945,PROCESSOR,PROCESSOR,MATCHED,M014-47f8dd65,false,false,,,
PRC-0000946,PROCESSOR,PROCESSOR,MATCHED,M011-6819f69c,false,false,,,
PRC-0000947,PROCESSOR,PROCESSOR,MATCHED,M019-b5546dac,false,false,,,
PRC-0000948,PROCESSOR,PROCESSOR,MATCHED,M007-f8ea6815,false,false,,,
PRC-0000949,PROCESSOR,PROCESSOR,MATCHED,M012-658f71e7,false,false,,,
PRC-0000950,PROCESSOR,PROCESSOR,MATCHED,M006-e8d2d871,false,false,,,
PRC-0000951,PROCESSOR,PROCESSOR,MATCHED,M007-c8587bfe,false,false,,,
PRC-0000952,PROCESSOR,PROCESSOR,MATCHED,M016-5e667bb9,false,false,,,
PRC-0000953,PROCESSOR,PROCESSOR,MATCHED,M013-c8b7cec8,false,false,,,
PRC-0000954,PROCESSOR,PROCESSOR,MATCHED,M009-48b72cc2,false,false,,,
PRC-0000955,PROCESSOR,PROCESSOR,MATCHED,M009-cc7980e4,false,false,,,
PRC-0000956,PROCESSOR,PROCESSOR,MATCHED,M010-0cf4c481,false,false,,,
PRC-0000957,PROCESSOR,PROCESSOR,MATCHED,M017-ca93a089,false,false,,,
PRC-0000958,PROCESSOR,PROCESSOR,MATCHED,M008-05d89cec,false,false,,,
PRC-0000959,PROCESSOR,PROCESSOR,MATCHED,M018-87363a69,false,false,,,
PRC-0000960,PROCESSOR,PROCESSOR,MATCHED,M010-b62092aa,false,false,,,
PRC-0000961,PROCESSOR,PROCESSOR,MATCHED,M015-5a912e03,false,false,,,
PRC-0000962,PROCESSOR,PROCESSOR,MATCHED,M007-62719656,false,false,,,
PRC-0000962-D1,PROCESSOR,PROCESSOR,DUPLICATE,M007-62719656,false,false,,,
PRC-0000963,PROCESSOR,PROCESSOR,MATCHED,M005-5f5d4a25,false,false,,,
PRC-0000964,PROCESSOR,PROCESSOR,MATCHED,M018-09b2e45a,false,false,,,
PRC-0000965,PROCESSOR,PROCESSOR,MATCHED,M020-23b61b56,false,false,,,
PRC-0000966,PROCESSOR,PROCESSOR,MATCHED,M011-d66953fa,false,false,,,
PRC-0000967,PROCESSOR,PROCESSOR,MATCHED,M011-4334337b,false,false,,,
PRC-0000968,PROCESSOR,PROCESSOR,MATCHED,M016-48dc870c,false,false,,,
PRC-0000969,PROCESSOR,PROCESSOR,MATCHED,M010-d67cc5fd,false,false,,,
PRC-0000970,PROCESSOR,PROCESSOR,MATCHED,M014-c9eb74ff,false,false,,,
PRC-0000972,PROCESSOR,PROCESSOR,MATCHED,M011-4476820f,false,false,,,
PRC-0000973,PROCESSOR,PROCESSOR,AMOUNT_MISMATCH,M013-e8f16b5f,false,false,,,
PRC-0000974,PROCESSOR,PROCESSOR,MATCHED,M019-398fe37c,false,false,,,
PRC-0000975,PROCESSOR,PROCESSOR,MATCHED,M019-56e17ae7,false,false,,,
PRC-0000976,PROCESSOR,PROCESSOR,MATCHED,M020-dabf59c3,false,false,,,
PRC-0000977,PROCESSOR,PROCESSOR,MATCHED,M001-303d448d,false,false,,,
PRC-0000978,PROCESSOR,PROCESSOR,MATCHED,M009-a1267fca,false,false,,,
PRC-0000979,PROCESSOR,PROCESSOR,MATCHED,M007-a4abcce7,false,false,,,
PRC-0000980,PROCESSOR,PROCESSOR,MATCHED,M010-ca91e6ec,false,false,,,
PRC-0000981,PROCESSOR,PROCESSOR,MATCHED,M008-ad92820e,false,false,,,
PRC-0000982,PROCESSOR,PROCESSOR,MATCHED,M006-d854e2ec,false,false,,,
PRC-0000983,PROCESSOR,PROCESSOR,MATCHED,M001-64a66fb1,false,false,,,
PRC-0000984,PROCESSOR,PROCESSOR,MATCHED,M021-337fb21e,false,false,TRAP-000,ONE_TO_ONE_STABLE,
PRC-0000985,PROCESSOR,PROCESSOR,MATCHED,M021-ad7b5ccd,false,false,TRAP-000,ONE_TO_ONE_STABLE,
PRC-0000986,PROCESSOR,PROCESSOR,MATCHED,M022-ff80168e,false,false,TRAP-001,ONE_TO_ONE_STABLE,
PRC-0000987,PROCESSOR,PROCESSOR,MATCHED,M022-832deac3,false,false,TRAP-001,ONE_TO_ONE_STABLE,
PRC-0000988,PROCESSOR,PROCESSOR,MATCHED,M021-4bc436a4,false,false,TRAP-002,ONE_TO_ONE_STABLE,
PRC-0000989,PROCESSOR,PROCESSOR,MATCHED,M021-189c0be4,false,false,TRAP-002,ONE_TO_ONE_STABLE,
PRC-0000990,PROCESSOR,PROCESSOR,MATCHED,M022-7793d77e,false,false,TRAP-003,ONE_TO_ONE_STABLE,
PRC-0000991,PROCESSOR,PROCESSOR,MATCHED,M022-96ba9319,false,false,TRAP-003,ONE_TO_ONE_STABLE,
PRC-0000992,PROCESSOR,PROCESSOR,MATCHED,M023-3f49a3e2,false,false,,,DENSE-00
PRC-0000993,PROCESSOR,PROCESSOR,MATCHED,M023-80710f37,false,false,,,DENSE-00
PRC-0000994,PROCESSOR,PROCESSOR,MATCHED,M023-27d0ccbf,false,false,,,DENSE-00
PRC-0000995,PROCESSOR,PROCESSOR,MATCHED,M023-e52d76e5,false,false,,,DENSE-00
PRC-0000996,PROCESSOR,PROCESSOR,MATCHED,M023-9a044216,false,false,,,DENSE-00
PRC-0000997,PROCESSOR,PROCESSOR,MATCHED,M023-69b20104,false,false,,,DENSE-00
PRC-0000998,PROCESSOR,PROCESSOR,MATCHED,M023-3bfea050,false,false,,,DENSE-00
PRC-0000999,PROCESSOR,PROCESSOR,MATCHED,M023-c21d48f7,false,false,,,DENSE-00
